"protein_group","abundance_control_1","abundance_control_2","abundance_control_3","abundance_infected_1","abundance_infected_2","abundance_infected_3","number_of_peptides_control_1","number_of_peptides_control_2","number_of_peptides_control_3","number_of_peptides_infected_1","number_of_peptides_infected_2","number_of_peptides_infected_3","differential_abundance_pvalue_control_vs_infected","differential_abundance_qvalue_control_vs_infected","log_ratios_control_vs_infected"
"sp|A2AQ07|TBB1_MOUSE",NA,NA,NA,-19.2930853494,NA,-18.6467561289,10,9,7,10,12,15,NA,NA,NA
"sp|A3KMP2|TTC38_MOUSE",NA,-19.2453681439,NA,NA,NA,NA,1,1,NA,NA,NA,NA,NA,NA,NA
"sp|B2RSH2|GNAI1_MOUSE",NA,NA,-18.2917054523,NA,NA,NA,4,4,4,3,4,4,NA,NA,NA
"sp|C0HKE1|H2A1B_MOUSE",NA,NA,NA,-15.1709041136,NA,NA,33,41,24,23,26,36,NA,NA,NA
"sp|D0QMC3|MNDAL_MOUSE",-19.1985282974,-18.8388379626,-19.0692034095,NA,NA,NA,2,3,2,3,1,2,NA,NA,NA
"sp|D3YXK2|SAFB1_MOUSE",NA,-19.9814672124,-19.4607086114,NA,NA,NA,3,3,1,2,2,1,NA,NA,NA
"sp|D3Z6Q9|BIN2_MOUSE",NA,NA,NA,NA,-17.5164307656,NA,5,4,2,4,3,4,NA,NA,NA
"sp|E9PV24|FIBA_MOUSE",-19.9041144439,-19.7027188126,NA,NA,NA,-19.6868614088,2,1,1,2,2,2,NA,NA,NA
"sp|E9PVA8|GCN1_MOUSE",NA,-21.5712811249,NA,NA,NA,NA,1,2,NA,NA,NA,NA,NA,NA,NA
"sp|E9Q7G0|NUMA1_MOUSE",-21.3023015358,NA,NA,NA,-20.8641736255,-21.5985670275,8,8,10,7,7,11,NA,NA,NA
"sp|F6ZDS4|TPR_MOUSE",-20.360087531,-21.2105005562,NA,-20.9398946316,-21.0739407872,-20.3494930454,7,5,2,6,4,4,0.934608150470219,0.933962264150943,0.00248211113333241
"sp|O08547|SC22B_MOUSE",-17.9113183938,NA,NA,NA,NA,NA,2,1,2,NA,1,2,NA,NA,NA
"sp|O08553|DPYL2_MOUSE",-19.21766582,NA,-18.4565620113,NA,-18.6252006173,NA,3,4,2,2,2,2,NA,NA,NA
"sp|O08573|LEG9_MOUSE",NA,NA,NA,NA,-18.3092452258,NA,1,1,1,1,2,1,NA,NA,NA
"sp|O08583|THOC4_MOUSE",-16.3654970942,-17.4622141477,-17.4567399063,-17.6530448266,-17.8027400131,-17.7477398871,2,2,2,2,2,2,0.132648902821317,0.709677419354839,0.639691192866668
"sp|O08692|NGP_MOUSE",-14.29714423,-13.8844155985,-14.6446886881,-15.1075175751,-15.1779598235,-15.2046280282,16,18,16,15,14,13,0.0387319749216301,0.55,0.887952303400001
"sp|O08709|PRDX6_MOUSE",-16.8900871533,-16.6914507547,-16.1969546176,-17.6179707106,-17.8059921801,-16.9180645489,8,7,4,6,5,7,0.0532758620689655,0.583333333333333,0.854511637999998
"sp|O08784|TCOF_MOUSE",NA,-19.4629695267,NA,-20.1426167872,NA,NA,6,5,4,5,4,7,NA,NA,NA
"sp|O08795|GLU2B_MOUSE",NA,-19.0271617511,-18.551585386,NA,-18.7194909949,-18.9851556766,2,2,2,3,4,2,0.822344827586207,0.929712460063898,0.0629497672000028
"sp|O08810|U5S1_MOUSE",-20.0672857142,-19.8569440881,-19.5485338618,-19.3519570741,NA,-18.7450054548,4,5,5,4,5,6,0.0718432601880878,0.583333333333333,-0.775773290250001
"sp|O09106|HDAC1_MOUSE",-18.7911974269,-18.8375658267,-18.3157426523,-18.760437399,NA,NA,5,4,3,5,4,6,NA,NA,NA
"sp|O35129|PHB2_MOUSE",NA,-18.448247112,-18.0902400914,-18.1441373978,-17.192186014,NA,6,5,5,3,6,5,0.165735109717868,0.741573033707865,-0.601081895799997
"sp|O35286|DHX15_MOUSE",NA,NA,NA,-19.2440425103,NA,-18.2592562273,5,4,2,4,4,6,NA,NA,NA
"sp|O35326|SRSF5_MOUSE",NA,-18.2429513298,NA,-17.7946939923,-18.2544239474,NA,1,1,NA,2,1,1,NA,NA,NA
"sp|O35350|CAN1_MOUSE",NA,NA,NA,NA,NA,-19.723669129,3,3,3,3,3,5,NA,NA,NA
"sp|O35405|PLD3_MOUSE",-18.8326827667,-19.03921831,NA,NA,NA,NA,2,2,2,1,NA,1,NA,NA,NA
"sp|O35639|ANXA3_MOUSE",-18.2706176516,NA,NA,NA,NA,NA,4,6,3,3,3,4,NA,NA,NA
"sp|O35643|AP1B1_MOUSE",NA,NA,NA,-18.8888951756,NA,NA,1,2,5,2,4,2,NA,NA,NA
"sp|O35685|NUDC_MOUSE",NA,NA,NA,NA,NA,-18.5244340749,NA,2,1,NA,2,1,NA,NA,NA
"sp|O35737|HNRH1_MOUSE",NA,NA,NA,NA,-18.1623213175,NA,3,2,2,2,2,2,NA,NA,NA
"sp|O35744|CHIL3_MOUSE",-18.7423539513,NA,NA,NA,NA,NA,6,5,6,4,5,5,NA,NA,NA
"sp|O35892|SP100_MOUSE",-19.2976301663,NA,-19.0842709403,NA,NA,-19.4102268413,4,4,2,4,3,5,NA,NA,NA
"sp|O35955|PSB10_MOUSE",-18.395421262,NA,NA,-17.8947320951,-17.7855840243,NA,3,2,2,2,2,2,NA,NA,NA
"sp|O54734|OST48_MOUSE",-17.2546356525,-17.8259921125,-18.5216118288,-17.2990558823,-17.0433392388,-17.2322422096,6,5,4,4,5,5,0.116493730407524,0.709677419354839,-0.675867421033335
"sp|O54824|IL16_MOUSE",-20.1371650589,-19.0448880765,-18.7895946958,-18.8815495119,-20.0402182822,-19.9904879881,4,5,5,4,4,5,0.430181818181818,0.81875,0.313535983666664
"sp|O55023|IMPA1_MOUSE",-18.0905995572,-17.801008026,-17.6309433233,-16.76969665,-17.8559298061,-18.1139869147,7,4,5,5,4,6,0.491186520376176,0.828877005347594,-0.260979178566668
"sp|O55029|COPB2_MOUSE",NA,-20.1482166343,NA,-19.6359976917,NA,NA,2,3,1,3,4,3,NA,NA,NA
"sp|O55098|STK10_MOUSE",NA,-19.7889508791,-19.6700218072,-19.7481509666,-19.7219980425,-19.8114416717,1,1,1,1,2,1,0.873913793103448,0.929712460063898,0.0310438837833331
"sp|O55131|SEPT7_MOUSE",-18.463597776,-18.2709129972,-18.1245949316,-17.4815002646,-18.1348746549,-18.6915480225,7,6,4,7,3,7,0.606352664576802,0.908256880733945,-0.1837275876
"sp|O55137|ACOT1_MOUSE",-19.0434992359,NA,NA,NA,-19.060791391,NA,1,2,1,2,2,2,NA,NA,NA
"sp|O55142|RL35A_MOUSE",-16.841944743,NA,NA,-16.7307378625,-16.7748570386,NA,6,6,3,5,6,7,NA,NA,NA
"sp|O70133|DHX9_MOUSE",-17.7493279227,-17.8498026994,-18.3023002745,-20.1794257112,-18.6621968246,-17.9745838863,16,12,11,11,9,13,0.0469169278996865,0.56,0.971591841833334
"sp|O70145|NCF2_MOUSE",NA,-19.327829413,NA,-18.9818667638,NA,-19.5105660025,1,2,1,2,2,2,NA,NA,NA
"sp|O70172|PI42A_MOUSE",NA,-19.1196740209,NA,NA,NA,NA,2,1,NA,NA,NA,2,NA,NA,NA
"sp|O70194|EIF3D_MOUSE",-18.7933775832,NA,NA,NA,-18.4571863269,NA,3,NA,NA,2,1,1,NA,NA,NA
"sp|O70325|GPX4_MOUSE",NA,NA,NA,NA,-17.3774164856,NA,2,2,2,1,2,1,NA,NA,NA
"sp|O70435|PSA3_MOUSE",NA,NA,NA,-17.5611017098,-17.516461277,-18.1977065123,5,4,3,5,2,4,NA,NA,NA
"sp|O70493|SNX12_MOUSE",-17.83875892,-17.8585142465,-17.5156303375,-17.3800045237,NA,-17.9232263546,1,1,1,1,1,1,0.78632131661442,0.929712460063898,-0.0860190621833326
"sp|O88342|WDR1_MOUSE",-19.0650678563,-19.2360505386,NA,-18.186773937,NA,-18.3495214447,9,9,8,10,7,8,0.0361912225705329,0.55,-0.8824115066
"sp|O88569|ROA2_MOUSE",-15.5908023592,-15.9500199397,-15.9387181051,-16.0104932145,-15.6373247805,-15.5864712732,19,18,17,16,15,15,0.789995297805643,0.929712460063898,-0.0817503786000007
"sp|O88593|PGRP1_MOUSE",-16.903947966,-16.9053501462,NA,NA,NA,-16.883576835,2,2,1,1,1,2,NA,NA,NA
"sp|O88668|CREG1_MOUSE",NA,NA,-17.2863110298,NA,NA,NA,1,1,1,1,1,1,NA,NA,NA
"sp|O88844|IDHC_MOUSE",-18.1733897196,NA,NA,NA,NA,NA,5,0,1,1,1,2,NA,NA,NA
"sp|O88958|GNPI1_MOUSE",-18.3222769017,-18.3443160831,NA,NA,NA,NA,1,1,NA,NA,NA,NA,NA,NA,NA
"sp|O89053|COR1A_MOUSE",-15.1164707881,-14.9316239995,-14.851789781,-15.11630852,-15.4284204821,-15.4620990797,27,26,24,21,22,20,0.314009404388715,0.797385620915033,0.368981171066666
"sp|O89086|RBM3_MOUSE",-17.3870270008,NA,NA,NA,NA,NA,2,2,2,1,1,1,NA,NA,NA
"sp|P00920|CAH2_MOUSE",NA,NA,-17.6493709387,NA,NA,NA,3,3,3,1,2,3,NA,NA,NA
"sp|P01831|THY1_MOUSE",-16.5570280922,-16.3231259618,-17.3046454349,-17.5446018325,-17.4771690748,-17.6408931379,2,2,3,2,2,2,0.0581771159874608,0.583333333333333,0.825954852100001
"sp|P01872|IGHM_MOUSE",-16.8294007181,-16.7172834705,-16.4224961592,-16.0196055053,-16.3088454026,-16.556804488,8,6,7,8,9,9,0.334221003134796,0.797385620915033,-0.361308317300001
"sp|P01887|B2MG_MOUSE",-17.1654567488,-16.8755683924,NA,NA,-17.0641048714,NA,2,2,2,1,2,2,NA,NA,NA
"sp|P01902|HA1D_MOUSE",-17.504961274,-17.3363552339,-17.0785106734,-17.1416994093,-17.3060016067,-17.3963741941,7,6,6,6,7,7,0.88551880877743,0.929712460063898,-0.0252506570666675
"sp|P01915|HB22_MOUSE",NA,-18.1913797593,NA,-17.9280611576,NA,-18.1925077322,5,5,4,5,5,6,NA,NA,NA
"sp|P01921|HB2D_MOUSE",NA,NA,NA,NA,-17.0596769845,-18.2580612153,4,4,3,6,4,4,NA,NA,NA
"sp|P01942|HBA_MOUSE",-15.4536075232,-15.4992368783,-15.0127247413,-15.3465476936,-15.401433786,-15.5617146028,7,5,5,5,4,6,0.71562539184953,0.926530612244898,0.114708979866666
"sp|P02088|HBB1_MOUSE",-15.8868619191,-15.8357533914,-14.9808681161,-16.3170204692,-16.2957977846,-15.9067118702,21,18,17,12,13,15,0.143523510971787,0.714285714285714,0.605348899133332
"sp|P02089|HBB2_MOUSE",-17.3142003336,-17.0127365492,-16.5399377197,-17.2674775592,-17.1683236522,NA,24,21,19,13,14,17,0.472981191222571,0.827777777777778,0.262275738200003
"sp|P02301|H3C_MOUSE",NA,-16.6278300118,NA,NA,NA,NA,1,1,1,1,1,17,NA,NA,NA
"sp|P02535|K1C10_MOUSE",-17.9716752264,-17.7147368113,-17.1039499185,-17.7955056113,NA,-18.3063498487,3,4,7,4,2,2,0.252575235109718,0.754901960784314,0.454140411266664
"sp|P04104|K2C1_MOUSE",NA,NA,-17.2628201731,NA,NA,NA,3,6,6,5,2,2,NA,NA,NA
"sp|P04228|HA2D_MOUSE",NA,NA,NA,NA,NA,-17.7990287038,3,2,2,3,4,4,NA,NA,NA
"sp|P04919|B3AT_MOUSE",NA,NA,NA,NA,-19.8097680002,NA,5,4,3,7,5,7,NA,NA,NA
"sp|P05064|ALDOA_MOUSE",-17.457248776,-18.3541498857,-16.9723029532,-17.1751574122,-18.3625823256,-17.3634322518,12,11,10,9,10,13,0.869283699059561,0.929712460063898,0.0391567915666684
"sp|P05202|AATM_MOUSE",-17.7140615237,-18.2579182537,-17.3410431261,-17.9826514109,-18.0885066718,-18.3534895134,7,6,4,2,2,3,0.335490595611285,0.797385620915033,0.3705415642
"sp|P05555|ITAM_MOUSE",-19.2053218776,-19.1301333661,-20.176584325,-18.5390250169,-19.1133059124,-19.3491584201,5,4,3,5,2,4,0.219547021943574,0.754901960784314,-0.503516739766667
"sp|P06151|LDHA_MOUSE",-16.4563786487,-16.3653077592,-16.6017761093,-17.6727731488,-16.1726101329,-17.2516923158,17,12,14,10,13,11,0.184369905956113,0.741573033707865,0.557871026766669
"sp|P06800|PTPRC_MOUSE",-17.6408215327,-18.6639614704,-17.5891912642,-18.0928200998,-17.9717544417,-17.8665808381,19,18,15,15,16,17,0.917324451410658,0.929712460063898,0.0123937041000026
"sp|P07356|ANXA2_MOUSE",-17.2567263135,-17.9959891149,-17.8174113726,-18.1874906226,-18.0179510929,-17.1886932988,4,5,5,4,5,7,0.747073667711599,0.929712460063898,0.108002737766668
"sp|P07724|ALBU_MOUSE",-18.4706364525,-19.8425734659,-19.2517814094,-17.9062671558,-18.3748367527,-18.7328963019,6,3,3,4,2,4,0.0613087774294671,0.583333333333333,-0.850330372466665
"sp|P07901|HS90A_MOUSE",-17.7415803454,-17.2348913096,-16.715612233,-16.3730465722,-17.1776913437,-18.877124219,25,26,22,25,25,27,0.551692789968652,0.875621890547264,0.245259415633335
"sp|P08003|PDIA4_MOUSE",-18.9422042122,-18.9125054551,-19.0016924956,-19.078430714,-19.3909725048,NA,8,5,4,11,8,11,0.420811912225705,0.815286624203822,0.282567555099998
"sp|P08071|TRFL_MOUSE",-16.8304872181,-15.8671980543,-16.3132953351,-16.4523021939,-17.1185930311,-17.3267381756,18,25,17,15,16,20,0.13787460815047,0.709677419354839,0.628884264366668
"sp|P08113|ENPL_MOUSE",-18.8102837317,-19.1374098481,-17.3429473831,-17.1664913041,-16.6794697664,-18.2553839544,13,14,11,17,14,15,0.0334169278996865,0.55,-1.063098646
"sp|P08228|SODC_MOUSE",-15.1240271431,-15.6143090898,-14.8083353296,-15.0060222751,-15.4648185283,-15.5496982587,7,7,6,5,8,5,0.643974921630094,0.926530612244898,0.157955833199999
"sp|P08249|MDHM_MOUSE",-15.0231751359,-15.1150554332,-15.2590868919,-15.194197188,-14.9882697632,-15.5717094483,14,12,11,11,11,11,0.707083072100314,0.926530612244898,0.1189529795
"sp|P08556|RASN_MOUSE",NA,NA,NA,NA,NA,-17.7917200142,1,1,NA,NA,NA,1,NA,NA,NA
"sp|P09103|PDIA1_MOUSE",NA,-19.211926489,-18.9731800777,-17.7204790912,-18.058596039,-17.913892611,11,12,9,9,11,11,0.0103166144200627,0.5,-1.19489736961667
"sp|P09405|NUCL_MOUSE",-17.6572033337,-16.6365448743,-16.666519888,-18.4750211236,-19.1377276865,-19.2984106319,30,26,20,21,19,23,0.000957680250783699,0,1.98363044866667
"sp|P0C0S6|H2AZ_MOUSE",-16.5700273251,-16.3498365003,-16.1503892361,-16.4262389731,-15.5170544099,-16.5575503645,29,37,20,21,22,32,0.595166144200627,0.904761904761905,-0.189803104666666
"sp|P0CG49|UBB_MOUSE",-15.7179762805,-14.642708967,-15.229884124,NA,-14.7785797864,NA,16,14,15,14,15,16,NA,NA,NA
"sp|P0DOV1|IFI5B_MOUSE",NA,NA,NA,NA,NA,-18.8319804935,2,2,1,1,1,1,NA,NA,NA
"sp|P0DP26|CALM1_MOUSE",NA,-17.0087681803,-16.8700253835,NA,-17.1804048749,NA,3,3,3,3,2,3,NA,NA,NA
"sp|P10107|ANXA1_MOUSE",-16.2711063812,-16.7660401688,-17.230247888,-16.8013617149,-16.2593167272,-16.134445075,9,7,7,8,9,8,0.353495297805643,0.797385620915033,-0.357423640299999
"sp|P10126|EF1A1_MOUSE",-16.0887286851,-17.2125590569,-16.8578450568,-17.0136478191,-16.4244192654,-16.342756415,17,16,17,20,19,22,0.707399686520376,0.926530612244898,-0.126103099766667
"sp|P10518|HEM2_MOUSE",-18.4838328809,NA,-18.3105696346,NA,NA,-18.3732324676,2,2,2,3,2,2,NA,NA,NA
"sp|P10605|CATB_MOUSE",NA,NA,NA,NA,-18.9411589564,NA,2,2,1,1,1,1,NA,NA,NA
"sp|P10630|IF4A2_MOUSE",NA,NA,-17.8814512695,NA,NA,NA,3,3,2,3,3,4,NA,NA,NA
"sp|P10639|THIO_MOUSE",-16.4558141451,NA,NA,NA,NA,-15.9862282278,3,2,1,4,3,4,NA,NA,NA
"sp|P10853|H2B1F_MOUSE",-13.0517060336,-12.647540609,-12.6551082429,-12.7354570215,-12.7234599257,-12.8954818234,90,102,72,63,66,85,0.938645768025078,0.93730407523511,1.46283666673241e-05
"sp|P10922|H10_MOUSE",NA,-17.4238623536,-17.2107131521,-17.4006865388,-17.5128471923,-17.7315145866,3,2,2,3,3,3,0.508844827586207,0.832460732984293,0.231061686383335
"sp|P11031|TCP4_MOUSE",-15.6791150071,-15.61664751,-15.3275150722,-16.3708005886,-15.4684865278,-15.7727075836,5,5,3,3,4,4,0.380420062695925,0.797385620915033,0.329572370233334
"sp|P11032|GRAA_MOUSE",-16.2889409951,NA,-16.7405949607,-15.9620779434,-15.9882044391,-16.1364636497,7,4,4,7,9,8,0.207598746081505,0.741573033707865,-0.485852633833332
"sp|P11103|PARP1_MOUSE",NA,NA,NA,NA,-19.8207714064,-18.8006153433,6,6,4,3,4,4,NA,NA,NA
"sp|P11247|PERM_MOUSE",-17.2358776595,-17.994626223,-16.8892673277,-17.0635973886,-17.5081669904,-16.9716880087,19,19,14,12,18,18,0.59171473354232,0.904306220095694,-0.192106274166669
"sp|P11352|GPX1_MOUSE",NA,-16.4716788721,-17.2788010039,-16.3897649962,-16.3623208981,NA,6,5,5,6,5,5,0.221650470219436,0.754901960784314,-0.499196990850002
"sp|P11438|LAMP1_MOUSE",-18.9150530053,NA,NA,NA,NA,NA,1,1,NA,NA,NA,1,NA,NA,NA
"sp|P11499|HS90B_MOUSE",-16.8838920552,-16.7355169587,-17.9197162081,-16.9499718502,-16.7020087798,-16.7787438753,14,13,10,14,30,29,0.345948275862069,0.797385620915033,-0.369466905566664
"sp|P11835|ITB2_MOUSE",-19.0588040283,-19.1936850678,-19.5881551182,-19.1710158423,-19.1454161306,-19.4812748911,7,7,5,9,6,6,0.911286833855799,0.929712460063898,-0.0143124501000003
"sp|P11983|TCPA_MOUSE",-17.5814130829,-18.88258068,-17.4854900871,-17.3115751255,-18.0481966791,-18.1515878754,9,9,10,12,8,13,0.68142789968652,0.926530612244898,-0.146041390000001
"sp|P12787|COX5A_MOUSE",NA,NA,NA,NA,NA,-16.8585392187,1,1,1,2,1,2,NA,NA,NA
"sp|P12970|RL7A_MOUSE",NA,NA,NA,NA,NA,-17.6765735431,5,6,5,5,5,6,NA,NA,NA
"sp|P13020|GELS_MOUSE",-18.1172979101,-18.2953707185,-19.441748473,-19.3176837863,-19.281895419,-19.4251575008,9,8,8,8,8,9,0.0967648902821317,0.709677419354839,0.723439868166668
"sp|P13864|DNMT1_MOUSE",-21.0546291174,NA,NA,-20.6301485377,NA,NA,3,1,NA,3,4,3,NA,NA,NA
"sp|P14115|RL27A_MOUSE",-15.8864912688,-15.2238199565,-15.2088589837,-15.073910972,-15.7472239013,-15.3578294746,7,6,7,6,5,6,0.851866771159875,0.929712460063898,-0.046735287033334
"sp|P14131|RS16_MOUSE",-15.9537130476,-15.3365827179,-15.4833598494,-15.0655697739,-15.3683015209,-15.2279868254,10,8,7,7,6,9,0.3205,0.797385620915033,-0.3705991649
"sp|P14148|RL7_MOUSE",-16.02506311,-16.7504082497,-18.0531946071,-17.6855453305,-17.1027947377,-17.7414549252,11,9,6,10,10,8,0.197965517241379,0.741573033707865,0.567043008866666
"sp|P14152|MDHC_MOUSE",-16.6115042414,-16.6994075127,-15.4098870457,-16.2207485049,-17.3665436239,-16.7262289797,11,9,9,6,4,6,0.210443573667712,0.741573033707865,0.530907436233335
"sp|P14206|RSSA_MOUSE",-18.1963008657,NA,NA,-18.1882366742,-18.4058123844,-17.4669392949,5,4,4,5,4,4,NA,NA,NA
"sp|P14211|CALR_MOUSE",-16.7410328223,-16.0902314319,-18.4223096392,-16.8565192196,-16.8424078982,-16.9101969881,12,12,12,14,14,15,0.585010971786834,0.904306220095694,-0.214816595833334
"sp|P14685|PSMD3_MOUSE",-18.9473365213,NA,NA,-17.8870303759,-19.0094862227,-18.9704480297,2,2,1,3,4,5,NA,NA,NA
"sp|P14733|LMNB1_MOUSE",-15.6629480049,-15.288819249,-15.428420806,-15.7326306964,-15.8177615045,-15.8969429678,28,32,32,25,24,32,0.327540752351097,0.797385620915033,0.355715702933333
"sp|P14824|ANXA6_MOUSE",-17.9455591619,-18.3412223437,-16.5743552804,-17.2094437619,-17.5350216703,-17.1390200084,24,23,19,20,16,20,0.410851097178683,0.798701298701299,-0.325883781800002
"sp|P14869|RLA0_MOUSE",-16.7618307875,-16.6659579547,-16.3999520747,-16.5925516215,-16.7207507634,-16.7803962146,4,5,3,5,4,5,0.769587774294671,0.929712460063898,0.0886525941999992
"sp|P15379|CD44_MOUSE",-19.4035234101,-19.2161385367,-18.9080642924,-19.3937356781,-19.5593256176,-19.213433091,1,1,1,1,1,1,0.545111285266458,0.875621890547264,0.212922715833333
"sp|P15702|LEUK_MOUSE",NA,-18.4270183937,-18.2776379769,NA,-18.1673462467,-18.3225648097,1,1,1,1,1,1,0.725708463949843,0.929712460063898,-0.107372657099997
"sp|P15864|H12_MOUSE",-16.4784342431,-15.9410359268,-15.1179127853,-15.858980836,-15.9481566011,-18.1012366316,37,48,47,35,43,41,0.104252351097179,0.709677419354839,0.790330371166668
"sp|P16045|LEG1_MOUSE",-17.0178714461,-15.7751968399,NA,-14.9620869692,-15.4730708587,-17.1749829611,6,6,6,6,5,7,0.255460815047022,0.758928571428571,-0.526487213333334
"sp|P16110|LEG3_MOUSE",-18.2649610242,-18.1371378459,NA,NA,-17.642854771,-17.8673018766,2,1,1,3,2,2,0.234929467084639,0.754901960784314,-0.445971111250003
"sp|P16330|CN37_MOUSE",-18.7029281083,NA,NA,-17.5129535677,-18.5428963194,-18.8266526787,2,2,1,5,2,5,NA,NA,NA
"sp|P16381|DDX3L_MOUSE",NA,-19.4887392902,-18.8896323662,-18.8580745149,NA,NA,5,4,2,3,2,4,NA,NA,NA
"sp|P16460|ASSY_MOUSE",NA,NA,NA,NA,-18.7554203101,-18.8746455181,1,1,1,1,1,1,NA,NA,NA
"sp|P16546|SPTN1_MOUSE",-21.3351515417,-19.2353803248,-19.8947657029,-20.0264530618,-21.2079665468,-21.3750798145,17,17,12,14,10,16,0.129554858934169,0.709677419354839,0.714733951233335
"sp|P16858|G3P_MOUSE",-16.2337876054,-18.4346811866,-18.0832198068,NA,-17.4273500171,-18.2473591209,9,9,6,5,6,5,0.552278996865204,0.875621890547264,0.253458369400001
"sp|P17095|HMGA1_MOUSE",NA,-16.6322340605,NA,NA,-16.6819599414,-16.7113969014,2,4,3,3,3,3,NA,NA,NA
"sp|P17182|ENOA_MOUSE",-16.2478297224,-16.5248057179,-17.0003883795,-16.3303172565,-16.6419333203,-16.5639181046,18,17,16,13,14,14,0.795006269592476,0.929712460063898,-0.0789517128000021
"sp|P17225|PTBP1_MOUSE",-18.2100000608,-17.9943562711,-17.8207769326,-17.7658338014,-18.7833434581,-17.7528947944,10,10,7,9,8,9,0.776730407523511,0.929712460063898,0.0923129297999985
"sp|P17665|COX7C_MOUSE",-15.7178269073,NA,NA,NA,NA,-15.5899306612,1,1,NA,NA,1,1,NA,NA,NA
"sp|P17710|HXK1_MOUSE",-18.7689784788,NA,NA,-20.0011226593,NA,-18.8097059889,9,6,5,5,4,6,NA,NA,NA
"sp|P17742|PPIA_MOUSE",-14.3600305353,-14.9054917987,-14.4062453995,-15.5061902206,-15.2215977506,-15.2997689322,14,13,10,9,10,11,0.0618949843260188,0.583333333333333,0.785263056633333
"sp|P17751|TPIS_MOUSE",-16.2926533902,-16.7183402253,-17.5560003092,-16.7809737113,-16.6040845887,-16.4341536649,5,3,4,4,3,4,0.505423197492163,0.831578947368421,-0.249260653266671
"sp|P17918|PCNA_MOUSE",NA,NA,NA,-16.637655841,-16.6222860629,-16.852349682,NA,NA,1,2,2,2,NA,NA,NA
"sp|P18654|KS6A3_MOUSE",-20.0229042663,NA,NA,-19.7159784484,-19.5467740301,NA,2,2,2,2,2,3,NA,NA,NA
"sp|P18760|COF1_MOUSE",-15.6911156113,-15.2980202377,-14.2273518982,-14.6953361181,-15.4040242759,-15.0762686633,17,17,16,16,15,13,0.915409090909091,0.929712460063898,-0.0136195633000007
"sp|P19253|RL13A_MOUSE",-16.3995804975,-16.9205354623,-16.6877851463,-16.8628877012,-16.8393933265,-17.2440913363,9,8,9,9,7,11,0.389849529780564,0.797385620915033,0.312823752633332
"sp|P19536|COX5B_MOUSE",-16.9263212456,-16.880658143,NA,NA,NA,-16.8104308549,3,2,NA,1,1,2,NA,NA,NA
"sp|P19783|COX41_MOUSE",-16.0285292429,-16.1682787711,-15.4279328076,-17.5189657841,-15.7891701756,-16.3104691596,3,3,4,4,4,4,0.13591065830721,0.709677419354839,0.664621432566669
"sp|P19973|LSP1_MOUSE",-18.536198471,NA,NA,-18.4949785574,-18.48221446,NA,3,2,1,2,1,2,NA,NA,NA
"sp|P20029|BIP_MOUSE",-17.4029176615,-16.9796641885,-17.5354611136,-16.4864808759,-17.3970948628,-16.7211596879,12,10,12,11,13,17,0.262432601880878,0.758928571428571,-0.437769179
"sp|P20060|HEXB_MOUSE",NA,-19.2299134753,NA,NA,NA,-19.3954314386,1,2,2,1,NA,2,NA,NA,NA
"sp|P20065|TYB4_MOUSE",-13.0519133452,-12.9876611687,-13.2697340968,-14.3258673958,-13.366723299,-13.1742075062,4,4,4,4,4,4,0.204141065830721,0.741573033707865,0.519163196766666
"sp|P20108|PRDX3_MOUSE",NA,NA,NA,NA,NA,-18.1021000242,5,4,4,4,4,4,NA,NA,NA
"sp|P20152|VIME_MOUSE",-17.0316905856,-17.3294756207,-16.8792423523,-15.996218888,-17.3256757255,-16.5932948675,24,25,17,20,19,24,0.268778996865204,0.758928571428571,-0.441739692533336
"sp|P21107|TPM3_MOUSE",-16.1725552236,-16.0496464283,-16.2143504557,-17.2885150089,-16.6941676472,-17.5529022511,10,9,8,9,8,8,0.0226426332288401,0.55,1.0330109332
"sp|P21619|LMNB2_MOUSE",-19.0214981209,-17.9402569454,NA,NA,NA,NA,7,8,4,2,3,8,NA,NA,NA
"sp|P23198|CBX3_MOUSE",NA,NA,NA,NA,-17.5807556197,NA,5,5,4,4,3,5,NA,NA,NA
"sp|P24063|ITAL_MOUSE",NA,NA,NA,NA,-20.2226489901,NA,2,1,NA,3,3,3,NA,NA,NA
"sp|P24270|CATA_MOUSE",-19.3735486632,NA,NA,NA,NA,NA,3,2,1,2,1,1,NA,NA,NA
"sp|P24369|PPIB_MOUSE",NA,NA,-16.7609339156,NA,NA,-17.8331148887,5,6,4,4,5,4,NA,NA,NA
"sp|P24452|CAPG_MOUSE",-18.8810191053,NA,-18.3621168074,NA,-18.2558656625,NA,3,3,3,2,3,1,NA,NA,NA
"sp|P24527|LKHA4_MOUSE",-18.7977458795,-17.3504069447,-18.9094061637,-19.2408957645,-18.1967782501,-19.1652098482,6,7,6,6,7,5,0.23082131661442,0.754901960784314,0.515108291633332
"sp|P24547|IMDH2_MOUSE",NA,NA,NA,NA,NA,-19.1569286862,2,2,1,4,1,2,NA,NA,NA
"sp|P24668|MPRD_MOUSE",NA,NA,NA,NA,NA,-18.1897217733,2,NA,2,2,2,2,NA,NA,NA
"sp|P25206|MCM3_MOUSE",NA,NA,NA,-19.6299011906,NA,-19.9259939006,1,NA,NA,4,2,4,NA,NA,NA
"sp|P25444|RS2_MOUSE",NA,NA,-17.7962329925,NA,NA,-17.1742831255,10,11,10,8,12,10,NA,NA,NA
"sp|P25911|LYN_MOUSE",NA,NA,NA,NA,NA,-19.5853936537,1,NA,NA,NA,2,2,NA,NA,NA
"sp|P25976|UBF1_MOUSE",NA,NA,NA,-19.3944987005,NA,NA,3,4,1,2,NA,1,NA,NA,NA
"sp|P26039|TLN1_MOUSE",-19.2281006536,-19.5906264756,-19.8494778395,-19.2243502828,-19.6373746375,-18.7951379283,23,24,21,22,24,26,0.371172413793103,0.797385620915033,-0.337114040033335
"sp|P26040|EZRI_MOUSE",-19.1964553763,-19.0447381648,-18.8935151916,NA,-19.1815659224,NA,7,20,4,16,4,20,NA,NA,NA
"sp|P26041|MOES_MOUSE",-17.2549202784,-19.4703301553,-16.5158774461,-17.9766716173,-18.0348893881,-16.353345358,28,41,24,35,19,37,0.511090909090909,0.833333333333333,-0.2920738388
"sp|P26043|RADI_MOUSE",-19.1557455639,NA,-19.2138515216,NA,-19.0799101519,NA,1,16,1,15,1,17,NA,NA,NA
"sp|P26350|PTMA_MOUSE",-15.1079767207,-15.0127141449,-15.5168427995,-14.8656783108,-15.1521907604,-15.1058368277,2,2,1,2,2,2,0.611495297805643,0.908256880733945,-0.171275922066666
"sp|P26369|U2AF2_MOUSE",NA,-18.8937183307,NA,-19.0992785241,NA,-19.4049938129,1,3,2,3,2,4,NA,NA,NA
"sp|P26443|DHE3_MOUSE",NA,NA,-18.4863701722,NA,NA,-18.8984742529,7,5,3,3,4,4,NA,NA,NA
"sp|P26638|SYSC_MOUSE",-18.8938174976,NA,NA,-18.5785500241,NA,-18.9233377813,4,3,3,4,2,4,NA,NA,NA
"sp|P27048|RSMB_MOUSE",-18.1421583365,-17.6104298012,-17.6640974618,-17.8283501645,-17.8400076316,-17.8419224273,2,1,1,1,2,3,0.875789968652038,0.929712460063898,0.0311982079666677
"sp|P27612|PLAP_MOUSE",NA,NA,NA,NA,NA,-19.8332953803,2,NA,NA,1,NA,2,NA,NA,NA
"sp|P27659|RL3_MOUSE",-16.8049530642,-17.2339054171,-17.4403558107,-17.207773695,-16.823726322,-16.8813240278,12,11,8,9,8,11,0.584424764890282,0.904306220095694,-0.188796749066668
"sp|P27661|H2AX_MOUSE",-16.8434208559,-16.959680808,-16.5327653458,-16.8094232213,-15.5715513567,-17.2665041627,30,38,24,20,24,32,0.550793103448276,0.875621890547264,-0.229462756333334
"sp|P27773|PDIA3_MOUSE",-16.149150066,-16.1541369482,-15.8164731043,-15.7854342254,-15.5673689354,-16.0137049323,21,20,19,15,21,19,0.477760188087774,0.827777777777778,-0.251084008466666
"sp|P28063|PSB8_MOUSE",NA,-18.1187716784,-17.151638286,-17.7478960116,NA,-17.3238303857,3,3,1,2,1,2,0.770866771159875,0.929712460063898,-0.0993417835500026
"sp|P28352|APEX1_MOUSE",NA,-18.4212334133,NA,-18.1312665835,NA,NA,1,2,2,2,1,1,NA,NA,NA
"sp|P28656|NP1L1_MOUSE",NA,NA,NA,-18.6244418636,NA,NA,1,2,1,4,4,1,NA,NA,NA
"sp|P29341|PABP1_MOUSE",NA,NA,-18.1097598745,NA,NA,-18.9176965933,7,7,3,7,6,6,NA,NA,NA
"sp|P29351|PTN6_MOUSE",-16.9214199024,-17.0605532157,-16.5509201229,-16.5078449878,-16.6359767071,-16.6076580748,16,15,12,16,17,19,0.460177115987461,0.827777777777778,-0.2604711571
"sp|P30355|AL5AP_MOUSE",NA,NA,NA,-16.9678878091,NA,-17.3706734441,1,1,NA,3,1,3,NA,NA,NA
"sp|P30681|HMGB2_MOUSE",-17.2227666793,-17.0558450729,-16.8698501398,NA,NA,-17.4053580921,14,19,17,11,8,10,NA,NA,NA
"sp|P30993|C5AR1_MOUSE",NA,-18.4334306997,NA,NA,-18.7316184472,-19.6921175463,2,1,3,NA,2,2,NA,NA,NA
"sp|P31254|UBA1Y_MOUSE",NA,NA,NA,-19.2005462437,NA,NA,6,3,4,2,4,1,NA,NA,NA
"sp|P31725|S10A9_MOUSE",-15.4669289756,-15.151374767,-16.3459406318,-15.7590817326,-16.3203511245,-14.8794185772,12,10,10,9,8,7,0.935518808777429,0.933962264150943,-0.00179764670000182
"sp|P32067|LA_MOUSE",-18.4778767746,NA,NA,NA,-18.6902995465,NA,7,4,4,7,3,7,NA,NA,NA
"sp|P34022|RANG_MOUSE",-16.6003309412,NA,NA,NA,NA,NA,4,3,2,3,1,2,NA,NA,NA
"sp|P34884|MIF_MOUSE",NA,NA,NA,NA,-16.5450923434,NA,2,2,2,2,3,2,NA,NA,NA
"sp|P35278|RAB5C_MOUSE",-16.8557020212,-17.6979359852,-17.1897659175,-16.850657892,-17.5183446685,-17.7061040397,4,3,4,4,4,4,0.738619122257053,0.929712460063898,0.110567558766665
"sp|P35282|RAB21_MOUSE",NA,NA,-17.4753111133,-17.5307915095,-17.8455410588,-17.9742714968,1,1,1,1,1,1,NA,NA,NA
"sp|P35436|NMDE1_MOUSE",NA,NA,NA,NA,-21.5853593703,NA,2,2,1,NA,2,2,NA,NA,NA
"sp|P35441|TSP1_MOUSE",NA,NA,NA,NA,-20.0040826819,-19.2422596692,2,2,3,3,4,5,NA,NA,NA
"sp|P35550|FBRL_MOUSE",NA,-17.1333917275,NA,NA,NA,-17.8936146336,6,9,5,7,6,6,NA,NA,NA
"sp|P35564|CALX_MOUSE",-18.093355458,-18.9421506825,NA,-17.8463290065,NA,-18.0997569079,5,5,5,7,6,9,0.194894984326019,0.741573033707865,-0.544710113050002
"sp|P35700|PRDX1_MOUSE",-16.4298352466,-16.0751546018,-17.3688387326,-17.4367760174,-17.5366352119,-15.7017979905,11,13,11,8,10,11,0.515128526645768,0.835051546391753,0.267126879599999
"sp|P35821|PTN1_MOUSE",-18.746223106,NA,NA,NA,NA,NA,1,2,NA,1,1,2,NA,NA,NA
"sp|P35980|RL18_MOUSE",-16.4131414486,-15.3559565345,-15.9865950895,-17.5238235385,-16.3118604691,NA,5,5,4,5,5,5,0.0381300940438871,0.55,0.999277646266666
"sp|P36371|TAP2_MOUSE",-19.2282226012,-19.392633124,-18.8152697256,-19.1466064782,-19.1056800961,-19.4683262969,3,3,1,1,1,2,0.762315047021944,0.929712460063898,0.0948291401333314
"sp|P37040|NCPR_MOUSE",-19.5667010723,NA,NA,NA,NA,-19.5041471184,2,1,NA,1,NA,3,NA,NA,NA
"sp|P38060|HMGCL_MOUSE",-18.3213215658,NA,NA,NA,NA,NA,1,1,NA,NA,NA,NA,NA,NA,NA
"sp|P38647|GRP75_MOUSE",-18.9771891892,-19.0503772643,-18.8278879886,-17.9553304481,-18.6850832506,-18.363946431,6,5,4,4,4,5,0.13076802507837,0.709677419354839,-0.617031437466665
"sp|P39054|DYN2_MOUSE",-20.0397668517,-19.348178012,-18.6950437566,-18.9092612379,-19.8448156732,-19.0156607414,5,5,4,4,6,3,0.75882131661442,0.929712460063898,-0.104416989266667
"sp|P39654|LOX15_MOUSE",NA,NA,NA,NA,NA,-19.2375610283,NA,NA,NA,3,3,7,NA,NA,NA
"sp|P40124|CAP1_MOUSE",-17.68517822,NA,-17.2747454143,-17.4658777936,-17.4141574799,-17.6221971103,15,17,14,16,13,17,0.89658934169279,0.929712460063898,0.0207823107833356
"sp|P40142|TKT_MOUSE",-16.5978058284,-15.9265400784,-15.886724703,-17.8488241829,-16.7953965344,-16.6661966284,22,21,21,20,22,21,0.0367931034482759,0.55,0.966448911966665
"sp|P41105|RL28_MOUSE",-15.8196702179,-16.5748199685,-16.2726221622,-16.4640877261,-16.5673697501,-16.0361818455,5,4,4,6,5,5,0.686076802507837,0.926530612244898,0.133508991033331
"sp|P41241|CSK_MOUSE",NA,-18.795857478,NA,-18.3831065515,NA,-18.9761683777,4,3,5,4,4,4,NA,NA,NA
"sp|P41245|MMP9_MOUSE",-19.7265091441,NA,NA,NA,NA,NA,3,1,NA,NA,NA,1,NA,NA,NA
"sp|P42208|SEPT2_MOUSE",NA,NA,NA,NA,-18.3238183086,-18.6188540489,NA,NA,NA,NA,1,1,NA,NA,NA
"sp|P42209|SEPT1_MOUSE",-18.4251279149,-16.9838091267,-18.0137919266,-18.3327991628,-17.5986183439,NA,5,6,5,3,5,5,0.66625078369906,0.926530612244898,0.158132430616668
"sp|P42225|STAT1_MOUSE",-19.437259637,-19.2135475001,NA,-18.4113505219,-19.4347038266,-17.8697877422,4,4,4,4,5,6,0.100495297805643,0.709677419354839,-0.753456204983333
"sp|P42932|TCPQ_MOUSE",-18.7976453529,-18.7173929066,-19.098037042,-17.6277987485,-18.4705662065,-17.8933774658,11,9,7,7,9,15,0.0456363636363636,0.56,-0.873777626900001
"sp|P43274|H14_MOUSE",-15.7364436962,-15.5329658763,-15.3344089933,-15.6646045262,-16.3209875249,-15.8356490546,37,38,37,29,35,30,0.285101880877743,0.769230769230769,0.405807513300001
"sp|P43275|H11_MOUSE",-15.8672944013,-15.5790227755,-14.8492964457,-15.1374420711,-15.5357508774,-15.4215771396,17,14,16,11,16,15,0.818341692789969,0.929712460063898,-0.0669478447999996
"sp|P43276|H15_MOUSE",-15.1555146915,-15.1847861618,-14.7448032611,-16.0849707674,-15.2438422952,-15.3028051144,19,24,23,19,20,21,0.202307210031348,0.741573033707865,0.515504687533333
"sp|P45376|ALDR_MOUSE",-16.5434942755,-17.7317448282,-18.3098868456,-17.426806438,-16.4360331996,-16.4486659191,13,11,11,9,8,12,0.0998495297805643,0.709677419354839,-0.757873464199999
"sp|P45952|ACADM_MOUSE",-18.6864562512,NA,-18.559209744,NA,-18.5856415416,-17.7759410577,3,3,2,2,2,4,0.269365203761755,0.758928571428571,-0.44204169795
"sp|P46061|RAGP1_MOUSE",NA,NA,NA,NA,NA,-19.5337419623,2,3,1,2,2,2,NA,NA,NA
"sp|P46460|NSF_MOUSE",NA,NA,-19.1627268335,NA,-19.3260983804,NA,3,3,1,3,2,2,NA,NA,NA
"sp|P46638|RB11B_MOUSE",-17.3093101009,NA,-17.0315123206,-17.5533432177,-17.3669920085,-16.5596350644,3,5,4,4,4,5,0.919747648902821,0.929936305732484,-0.0104211138833357
"sp|P47738|ALDH2_MOUSE",-17.441262659,-17.6794241799,-18.6089693424,-17.6311669446,-17.4669085366,-17.8661126525,6,7,4,4,4,5,0.494313479623824,0.828877005347594,-0.255156015866664
"sp|P47740|AL3A2_MOUSE",-19.1049722787,NA,NA,NA,NA,NA,1,NA,NA,NA,NA,1,NA,NA,NA
"sp|P47753|CAZA1_MOUSE",NA,NA,-18.3150052676,NA,-18.584709818,NA,4,2,3,1,3,3,NA,NA,NA
"sp|P47757|CAPZB_MOUSE",-17.2391849153,-17.9660317803,NA,-18.0151926176,-17.8012494534,-18.1423983602,10,4,5,8,6,7,0.316826018808777,0.797385620915033,0.383671795933335
"sp|P47791|GSHR_MOUSE",-17.7046074359,-17.597943402,-18.4217769939,-18.6271757824,-18.7765474266,-18.9940310804,3,3,3,1,2,2,0.0409028213166144,0.56,0.89114215253333
"sp|P47911|RL6_MOUSE",-16.4361981338,-18.1294988881,-16.9657451424,-18.0945717932,-16.6647807926,-16.4562037806,7,8,7,8,9,11,0.767366771159875,0.929712460063898,-0.105295265966667
"sp|P47915|RL29_MOUSE",-16.6965706978,-16.764979569,-16.4690138369,NA,-16.6867043016,NA,2,2,2,4,4,4,NA,NA,NA
"sp|P47941|CRKL_MOUSE",-18.1944181234,NA,NA,NA,NA,NA,1,1,NA,1,NA,1,NA,NA,NA
"sp|P47962|RL5_MOUSE",-16.6264708547,NA,NA,NA,NA,-18.177586349,9,7,3,5,3,7,NA,NA,NA
"sp|P47963|RL13_MOUSE",-16.2649726583,-17.1197975395,-17.0871423248,-15.5900673876,-17.4833519779,-16.539339367,6,5,5,6,5,5,0.472362068965517,0.827777777777778,-0.286384596699996
"sp|P47964|RL36_MOUSE",-16.7352898378,-16.4024014413,-15.5916351502,-16.4802369317,-16.6079813346,-16.6140292632,2,2,2,2,2,2,0.391735109717868,0.797385620915033,0.3243070334
"sp|P48036|ANXA5_MOUSE",-16.579666735,-17.1721384521,-16.7977752358,NA,-18.3087807377,-18.5024259389,14,10,9,9,9,10,0.00375548589341693,0.25,1.55574319733334
"sp|P48678|LMNA_MOUSE",NA,NA,NA,-19.2202034774,-19.3478285394,NA,3,4,5,9,6,10,NA,NA,NA
"sp|P48771|CX7A2_MOUSE",NA,NA,NA,-15.7853156974,NA,-15.9840719698,2,2,1,1,1,1,NA,NA,NA
"sp|P48962|ADT1_MOUSE",-18.1947778291,NA,NA,NA,NA,NA,6,6,8,8,8,6,NA,NA,NA
"sp|P49290|PERE_MOUSE",-18.4173733586,-18.2934409053,-18.2201927245,-15.8874146703,-16.786856664,-16.3205926703,11,9,9,26,26,25,0.000641065830721003,0,-1.97871432793333
"sp|P49312|ROA1_MOUSE",-17.8744123861,-18.5912431368,-17.6475570866,-17.7248713114,-17.7015908585,-18.1335794141,3,4,4,4,3,4,0.600330721003135,0.908256880733945,-0.184390341833332
"sp|P49710|HCLS1_MOUSE",-17.0206181599,-17.7031735311,-18.6212980456,-18.8033489,-16.8409572365,-17.7652865844,9,11,7,9,8,8,0.901241379310345,0.929712460063898,0.0215009947666687
"sp|P50247|SAHH_MOUSE",-15.7610224066,-15.628010725,-16.9543317174,-17.1411594489,-16.6610993381,-16.5006593632,15,13,10,11,9,10,0.133289968652038,0.709677419354839,0.653184433733337
"sp|P50295|ARY2_MOUSE",-18.2800395308,NA,NA,NA,NA,NA,1,1,NA,NA,NA,NA,NA,NA,NA
"sp|P50580|PA2G4_MOUSE",-17.3815948454,-17.8763262315,-18.0853345307,-17.301764039,-18.4165067241,-18.0616824377,6,4,4,6,6,6,0.670608150470219,0.926530612244898,0.145565864399998
"sp|P51150|RAB7A_MOUSE",NA,NA,NA,NA,-17.401934861,-17.8730262465,2,2,3,4,3,4,NA,NA,NA
"sp|P51174|ACADL_MOUSE",-18.9444005768,NA,-18.6292922133,NA,-18.6165663787,-18.9932460441,5,5,3,3,2,5,0.903424764890282,0.929712460063898,0.0180598163500036
"sp|P51410|RL9_MOUSE",-16.9761411028,NA,NA,NA,NA,NA,5,4,1,3,2,3,NA,NA,NA
"sp|P51859|HDGF_MOUSE",NA,NA,NA,NA,NA,-18.0647196455,4,4,3,6,2,2,NA,NA,NA
"sp|P51881|ADT2_MOUSE",-17.8603723977,NA,-17.5702710206,-17.5982616775,-16.1407002461,-18.0028428758,11,11,13,12,10,9,0.282876175548589,0.765217391304348,-0.468053442683335
"sp|P52480|KPYM_MOUSE",-16.7307493849,-17.7432493159,-16.1654183278,-16.2565667172,-17.8272858342,-15.8888922165,19,13,16,18,16,16,0.578691222570533,0.904306220095694,-0.222224086899999
"sp|P53026|RL10A_MOUSE",-17.8430949336,-17.7915395405,-16.5337106358,NA,-17.6932702613,-18.0892659181,3,2,3,4,2,4,0.237706896551724,0.754901960784314,0.501819719733334
"sp|P54227|STMN1_MOUSE",-17.3979894957,NA,-16.9094537818,-17.2386631813,NA,NA,4,2,3,3,2,4,NA,NA,NA
"sp|P54822|PUR8_MOUSE",-18.8298198628,-18.8036296642,NA,-18.8671030892,NA,-18.8547006293,2,1,2,3,2,2,0.847692789968652,0.929712460063898,0.0441770957500012
"sp|P56135|ATPK_MOUSE",-16.855459192,NA,NA,-16.6408590255,NA,-16.918939856,1,1,1,1,1,1,NA,NA,NA
"sp|P56391|CX6B1_MOUSE",-16.3905472229,-16.6602270347,NA,NA,-16.2076196474,-15.4988084598,3,4,4,6,3,6,0.118103448275862,0.709677419354839,-0.672173075199998
"sp|P56395|CYB5_MOUSE",NA,NA,-17.0453767776,NA,NA,NA,1,1,3,2,1,2,NA,NA,NA
"sp|P56399|UBP5_MOUSE",-19.4335437144,-19.1710040222,-19.1150110027,-19.0093855554,-19.4645629015,-19.467200409,4,4,3,3,2,4,0.799492163009404,0.929712460063898,0.0738633755333318
"sp|P56400|GP1BB_MOUSE",NA,NA,-17.2960797782,NA,NA,NA,1,1,1,1,NA,NA,NA,NA,NA
"sp|P56480|ATPB_MOUSE",-16.5909590545,-16.503690662,-16.5658851983,-16.2387272889,-16.1907768455,-16.7298182241,10,9,8,8,8,10,0.618967084639498,0.908256880733945,-0.1670708521
"sp|P56959|FUS_MOUSE",-18.9500641884,NA,NA,NA,NA,-19.0044776242,4,4,4,2,3,4,NA,NA,NA
"sp|P57759|ERP29_MOUSE",-18.3442750107,-18.5463144836,NA,-17.9546835351,NA,NA,4,4,3,4,3,4,NA,NA,NA
"sp|P57776|EF1D_MOUSE",-16.7675311048,-17.3730004861,NA,-17.269790378,-17.2387457268,-17.5462732729,4,3,3,2,4,4,0.442998432601881,0.827777777777778,0.28133733045
"sp|P57780|ACTN4_MOUSE",-19.7421481724,NA,NA,NA,NA,NA,20,14,10,10,9,15,NA,NA,NA
"sp|P58252|EF2_MOUSE",-17.7557476444,-16.9949787517,-17.2830635881,-16.8643717115,-18.1124882985,-17.5660381428,15,17,16,19,18,20,0.634826018808777,0.909502262443439,0.169702722866667
"sp|P59325|IF5_MOUSE",-19.071549188,NA,NA,NA,NA,NA,3,2,3,3,3,3,NA,NA,NA
"sp|P59708|SF3B6_MOUSE",NA,NA,NA,NA,NA,-17.0189306779,NA,1,1,1,1,1,NA,NA,NA
"sp|P59999|ARPC4_MOUSE",-15.7352706165,-17.2798634725,NA,NA,-16.0647473276,-16.3057667835,9,8,6,8,6,6,0.446539184952978,0.827777777777778,-0.32230998895
"sp|P60122|RUVB1_MOUSE",NA,-18.4297607223,-17.3758181376,-18.3445745052,-17.550102372,-18.6573471262,3,4,3,3,4,2,0.479297805642633,0.827777777777778,0.281218571183338
"sp|P60335|PCBP1_MOUSE",-18.3693006961,NA,NA,-17.8046614095,NA,NA,4,4,4,4,6,4,NA,NA,NA
"sp|P60766|CDC42_MOUSE",-16.5008943254,-17.6367293245,-17.4090039341,-16.6928417639,-16.4171714759,-16.0955351762,6,5,4,6,5,6,0.0758918495297806,0.648648648648649,-0.780359722666667
"sp|P60843|IF4A1_MOUSE",NA,NA,NA,NA,NA,-18.3844578793,5,5,NA,6,5,7,NA,NA,NA
"sp|P60867|RS20_MOUSE",-15.3134586906,-15.2172685135,-15.0108365615,-15.460863476,-15.2532796321,-15.6026276635,4,3,3,3,3,3,0.461111285266458,0.827777777777778,0.258402335333333
"sp|P61027|RAB10_MOUSE",NA,-17.990665269,-17.2845179709,-17.4744458215,-17.4211652693,-17.7821493779,6,5,4,8,6,9,0.797863636363636,0.929712460063898,-0.078338130383333
"sp|P61028|RAB8B_MOUSE",NA,NA,NA,NA,-17.9953367135,-18.2942593006,6,NA,NA,6,4,7,NA,NA,NA
"sp|P61082|UBC12_MOUSE",-17.5037322433,-17.5445698829,NA,NA,NA,NA,2,3,1,1,1,1,NA,NA,NA
"sp|P61087|UBE2K_MOUSE",NA,-17.4771662251,NA,NA,-17.2445793683,NA,2,3,2,2,3,3,NA,NA,NA
"sp|P61089|UBE2N_MOUSE",NA,NA,-16.8442241315,-17.0323914875,NA,NA,3,3,2,3,2,4,NA,NA,NA
"sp|P61161|ARP2_MOUSE",-16.7919890242,-17.0875026763,-17.6555077056,-16.9824181286,-16.5917925321,-18.5852523279,7,6,5,5,4,6,0.591398119122257,0.904306220095694,0.2081545275
"sp|P61164|ACTZ_MOUSE",NA,NA,NA,NA,-18.5997529365,NA,2,2,1,2,1,2,NA,NA,NA
"sp|P61222|ABCE1_MOUSE",NA,-19.2806435335,NA,-19.3552976928,NA,NA,2,2,NA,1,2,3,NA,NA,NA
"sp|P61226|RAP2B_MOUSE",NA,-17.6278507407,NA,NA,NA,NA,1,1,NA,NA,NA,1,NA,NA,NA
"sp|P61255|RL26_MOUSE",-17.3816583415,-16.908429632,NA,NA,NA,-17.0313865456,9,8,6,3,5,7,NA,NA,NA
"sp|P61358|RL27_MOUSE",-15.6243466447,-15.4085698551,-16.6025819406,-14.9100850593,-16.9612795442,-15.7170311225,7,6,5,6,7,6,0.912937304075235,0.929712460063898,-0.015700904800001
"sp|P61514|RL37A_MOUSE",-17.2483629413,NA,-16.5022812988,-16.4010829891,-16.7033279229,-16.7591193051,1,3,1,2,2,2,0.489313479623824,0.828877005347594,-0.254145381016667
"sp|P61804|DAD1_MOUSE",-16.6345222567,-16.8303928128,NA,-15.6482949334,NA,-15.7300208361,1,2,2,3,1,3,0.0176222570532915,0.55,-1.04329965
"sp|P61924|COPZ1_MOUSE",NA,-17.3105382703,NA,NA,-17.0276131339,-17.4646631309,NA,1,NA,2,1,2,NA,NA,NA
"sp|P61957|SUMO2_MOUSE",NA,-15.0143734328,NA,NA,-15.9039743835,NA,3,2,3,4,2,4,NA,NA,NA
"sp|P61979|HNRPK_MOUSE",-15.520238408,-15.0205969152,-15.3987395817,-15.627582217,-15.5601471378,-16.0737839525,19,16,17,14,16,15,0.248905956112853,0.754901960784314,0.440646134133333
"sp|P61982|1433G_MOUSE",-18.0545952568,NA,NA,NA,-18.0233909354,-17.3231793371,14,14,9,8,9,11,NA,NA,NA
"sp|P62082|RS7_MOUSE",NA,NA,NA,-16.3869015637,-16.3852855677,-17.2854045836,7,6,5,6,9,9,NA,NA,NA
"sp|P62137|PP1A_MOUSE",-18.3982191667,NA,NA,-18.2217559643,-18.0891064657,NA,5,4,3,5,5,5,NA,NA,NA
"sp|P62192|PRS4_MOUSE",NA,-18.743916226,NA,-18.4875771186,NA,NA,3,2,2,5,2,5,NA,NA,NA
"sp|P62242|RS8_MOUSE",-17.2586415984,-17.3973846566,-16.2823988819,-17.1384608413,-17.2882042092,-17.324499124,5,5,3,5,3,4,0.468257053291536,0.827777777777778,0.270913012533335
"sp|P62259|1433E_MOUSE",-16.7307317367,-18.2780030042,-17.7493046846,-17.6792904262,NA,-17.7714741306,8,10,8,9,9,10,0.693001567398119,0.926530612244898,0.139369136566668
"sp|P62264|RS14_MOUSE",-16.8204066911,-16.6451047504,-16.5894396382,-16.8916245434,-16.6383300724,-17.3170554699,3,3,2,2,3,3,0.46142789968652,0.827777777777778,0.264019668666666
"sp|P62267|RS23_MOUSE",NA,-16.3233870308,-16.8169828812,-16.1336975151,-15.3739889731,NA,7,8,6,7,7,5,0.0692460815047022,0.583333333333333,-0.816341711899998
"sp|P62270|RS18_MOUSE",-15.7151905671,-16.8724401916,-17.0866447937,-16.0079112785,-14.6818652013,-16.263019191,11,9,8,8,8,7,0.0584937304075235,0.583333333333333,-0.907159960533333
"sp|P62281|RS11_MOUSE",-17.4511724971,NA,-16.6166944992,-16.7544463936,-16.6449714641,-16.6961048825,6,6,5,6,5,7,0.376211598746082,0.797385620915033,-0.335425918083335
"sp|P62301|RS13_MOUSE",-16.2589786852,-16.9516967077,-16.9670791485,-17.2645234769,NA,-17.3491838523,6,5,4,4,3,4,0.155567398119122,0.73134328358209,0.580935484133331
"sp|P62307|RUXF_MOUSE",-16.4112663899,-16.382751459,NA,NA,NA,-16.5754515154,1,1,NA,NA,NA,1,NA,NA,NA
"sp|P62309|RUXG_MOUSE",-16.2759158665,NA,-15.9894673261,-16.0525503182,-16.227859475,-16.1928506409,1,1,1,1,1,1,0.885835423197492,0.929712460063898,0.0250618817333361
"sp|P62311|LSM3_MOUSE",-16.4039354162,-16.3471453383,-16.1327821298,-16.2280085654,-16.1928312898,NA,1,1,1,1,1,NA,0.781503134796238,0.929712460063898,-0.084201033833331
"sp|P62313|LSM6_MOUSE",NA,-16.0083371218,-15.6191454136,NA,-15.9146167014,NA,2,2,2,2,2,2,NA,NA,NA
"sp|P62315|SMD1_MOUSE",NA,-16.5965855549,-16.1234884845,NA,NA,NA,2,1,1,1,1,1,NA,NA,NA
"sp|P62317|SMD2_MOUSE",-16.5900292364,-15.9279380651,NA,-16.9944474061,-17.0569223745,-16.9638566209,4,2,2,3,3,3,0.0780956112852665,0.65,0.746091816416666
"sp|P62320|SMD3_MOUSE",NA,-16.2386683221,-16.1765403745,NA,-16.3140533758,NA,3,3,3,3,2,3,NA,NA,NA
"sp|P62334|PRS10_MOUSE",-19.1557465423,-18.3907069201,-18.4636989911,-18.4940665606,NA,-18.3384134454,2,1,2,1,1,2,0.490532915360502,0.828877005347594,-0.253810814833336
"sp|P62627|DLRB1_MOUSE",-16.8872073709,NA,NA,NA,NA,-17.0541516854,1,1,1,NA,1,1,NA,NA,NA
"sp|P62702|RS4X_MOUSE",-18.2577631084,-14.9701035555,-18.0926577197,-17.0186361036,-16.5235300821,-17.0447257115,13,12,10,12,10,14,0.573938871473354,0.904306220095694,-0.244544162133334
"sp|P62715|PP2AB_MOUSE",NA,NA,NA,-18.544606466,NA,NA,3,3,2,2,3,2,NA,NA,NA
"sp|P62717|RL18A_MOUSE",-17.2648512031,-16.2256811981,-15.9796191842,-17.2001725271,-17.0996577739,-17.4948007166,5,5,5,6,5,8,0.0796771159874608,0.65,0.774826477399998
"sp|P62751|RL23A_MOUSE",-17.4882184079,-17.1633310824,NA,NA,NA,NA,4,4,2,3,4,4,NA,NA,NA
"sp|P62754|RS6_MOUSE",-17.3918589177,-17.3864337455,-17.321096693,-15.4681361182,-15.9094705674,-17.3937677377,4,4,4,6,5,4,0.0241974921630094,0.55,-1.10933831096667
"sp|P62806|H4_MOUSE",-10.8063673861,-10.3270264707,-10.4160075335,-10.8306849151,-10.6028006274,-10.8061715748,137,158,103,106,94,136,0.514509404388715,0.835051546391753,0.230085242333333
"sp|P62814|VATB2_MOUSE",NA,-18.6836297121,NA,-18.6887638484,-18.8597693878,NA,3,2,NA,3,2,1,NA,NA,NA
"sp|P62821|RAB1A_MOUSE",NA,NA,NA,NA,NA,-18.0560235648,7,4,4,9,5,7,NA,NA,NA
"sp|P62827|RAN_MOUSE",-16.604958928,-17.3782780006,-17.1596954786,-17.4505472585,-16.5286165526,-16.6597788305,10,7,7,7,8,8,0.634509404388715,0.909502262443439,-0.167996588533335
"sp|P62830|RL23_MOUSE",-17.3940787221,NA,NA,-17.0211072466,-16.9550914697,-16.4971552785,3,2,2,4,3,5,NA,NA,NA
"sp|P62835|RAP1A_MOUSE",-15.8853361003,-15.8926987683,-15.8657702342,-15.8565158005,-16.0247569522,-15.7763115931,8,7,7,6,7,6,0.929006269592476,0.933544303797468,0.00459308099999944
"sp|P62849|RS24_MOUSE",-16.2644051023,-17.1357999962,-16.8449853714,-17.0560208231,-16.0670526086,-15.4146340295,3,3,2,3,3,3,0.186236677115987,0.741573033707865,-0.5691610029
"sp|P62852|RS25_MOUSE",-16.4777275869,-15.3713154295,-15.2004919398,-15.1068277748,-16.2025416915,-16.5336390543,5,5,5,5,4,5,0.503496865203762,0.831578947368421,0.264491188133332
"sp|P62858|RS28_MOUSE",-14.9022826143,-14.306913925,-14.0618789912,-14.3113290348,-14.8936356132,-15.0658125968,5,4,4,3,4,4,0.382365203761755,0.797385620915033,0.333233904766667
"sp|P62862|RS30_MOUSE",-17.070475933,-16.631913535,-16.6652074814,-16.8163922467,-16.6543732961,-16.8328832273,3,2,3,2,3,4,0.894954545454545,0.929712460063898,-0.0213160597666651
"sp|P62874|GBB1_MOUSE",NA,NA,NA,NA,NA,-18.3937219658,5,4,4,4,4,3,NA,NA,NA
"sp|P62889|RL30_MOUSE",NA,NA,-15.9870085137,NA,NA,NA,4,2,2,2,2,4,NA,NA,NA
"sp|P62897|CYC_MOUSE",NA,NA,NA,NA,NA,-16.4957910185,3,3,1,3,3,3,NA,NA,NA
"sp|P62908|RS3_MOUSE",-15.3476377338,-15.207046406,-15.6558254691,-15.1678936511,-15.2733178157,-15.6819091992,13,9,8,12,13,14,0.880177115987461,0.929712460063898,-0.0291296476333329
"sp|P62918|RL8_MOUSE",-17.5938166452,-17.511917321,-16.9258061612,-17.0386369353,-17.2122839101,-17.337731938,4,4,4,5,5,5,0.657311912225705,0.926530612244898,-0.147629114666668
"sp|P62962|PROF1_MOUSE",-14.2991928525,-14.1419228921,-14.9855907309,-14.359560945,-14.6746744178,-14.5932711454,16,13,12,13,11,12,0.816835423197492,0.929712460063898,0.066933344233334
"sp|P62984|RL40_MOUSE",NA,NA,NA,-17.8730676519,NA,NA,NA,NA,NA,15,NA,17,NA,NA,NA
"sp|P63017|HSP7C_MOUSE",-15.9042222399,-16.1273980877,-16.497050957,-16.2679810453,-16.0658168337,-16.0970162573,32,28,22,28,25,26,0.873311912225705,0.929712460063898,-0.0326190494333325
"sp|P63038|CH60_MOUSE",-18.0913665955,-17.6985305205,-17.403912664,-17.6462340684,-18.5685418604,-17.9789899021,12,11,6,11,10,9,0.380736677115987,0.797385620915033,0.333318683633333
"sp|P63087|PP1G_MOUSE",-18.4341929126,NA,-17.867862808,-18.2404420962,NA,-18.4448754269,5,3,3,3,5,3,0.587137931034483,0.904306220095694,0.191630901249997
"sp|P63101|1433Z_MOUSE",-15.5431608006,-15.4595384522,-15.4293998349,-15.2857791988,-15.2566846438,-16.6760480046,16,15,11,11,11,14,0.493996865203762,0.828877005347594,0.2621375865
"sp|P63158|HMGB1_MOUSE",NA,-16.5551157825,-17.0585116678,NA,-16.242902831,-16.3208622374,14,14,14,13,15,15,0.186866771159875,0.741573033707865,-0.524931190949999
"sp|P63168|DYL1_MOUSE",-16.4204035885,-16.222818104,-15.8803368441,-16.2427889927,-15.1671610309,-16.2207308966,3,2,2,3,3,2,0.432985893416928,0.819875776397516,-0.297625872133334
"sp|P63242|IF5A1_MOUSE",NA,-15.8233644337,-15.4591143852,NA,-15.5185410428,NA,6,3,4,4,4,4,NA,NA,NA
"sp|P63323|RS12_MOUSE",-15.6084157127,NA,-16.9752659417,-16.566106333,-15.0795619015,-16.8399287521,5,6,4,3,6,5,0.731122257053292,0.929712460063898,-0.129975164999998
"sp|P63325|RS10_MOUSE",NA,-17.0747110896,NA,NA,NA,-17.4562165518,2,3,3,2,3,4,NA,NA,NA
"sp|P67778|PHB1_MOUSE",-18.1245126664,NA,-17.5176337982,NA,NA,-18.3998585697,10,6,6,9,9,12,NA,NA,NA
"sp|P67871|CSK2B_MOUSE",-18.4709002791,-17.810446623,-17.9706469764,NA,-17.9938031271,-18.0394324826,1,1,1,1,1,1,0.815341692789969,0.929712460063898,-0.0673801546499995
"sp|P67984|RL22_MOUSE",NA,-16.5557643502,NA,-15.8740546154,-15.7957500337,-16.667138528,2,2,1,2,2,2,NA,NA,NA
"sp|P68037|UB2L3_MOUSE",NA,NA,-16.8497538831,-17.0583111946,-17.000077396,-17.3629454499,NA,NA,1,3,2,3,NA,NA,NA
"sp|P68040|RACK1_MOUSE",-15.8010031462,-15.5157716078,-16.316006254,-15.8732671726,-16.1447041681,-16.3374536784,10,8,7,8,7,9,0.506663009404389,0.831578947368421,0.240881337033333
"sp|P68254|1433T_MOUSE",-16.8110714489,-17.4961616982,-17.4279192757,NA,-17.6201043003,-17.5645763903,9,10,6,7,6,9,0.35791065830721,0.797385620915033,0.3472895377
"sp|P68368|TBA4A_MOUSE",-18.5484007291,-18.3506742556,-18.1593140196,-18.1952678487,-18.2070489225,-18.5525322396,8,8,8,9,9,7,0.870855799373041,0.929712460063898,-0.0345133311666643
"sp|P68372|TBB4B_MOUSE",-18.4842472599,-18.2916783884,NA,NA,-18.5128185699,-18.4854261267,22,19,16,22,23,25,0.717868338557994,0.926530612244898,0.111159524149997
"sp|P68433|H31_MOUSE",-15.7094659394,-16.3437668951,-15.9166261833,NA,-15.4709757313,NA,20,23,20,17,22,18,NA,NA,NA
"sp|P68510|1433F_MOUSE",-16.779112079,NA,-16.5021811704,-17.5467632833,-17.9210038941,-16.6565767242,10,11,7,5,6,9,0.0995329153605016,0.709677419354839,0.734134675833332
"sp|P70168|IMB1_MOUSE",NA,NA,NA,-19.2399605754,-19.5130670353,-19.3777772815,2,2,2,3,4,3,NA,NA,NA
"sp|P70224|GIMA1_MOUSE",-18.4468363617,NA,NA,NA,NA,-18.6038044059,2,2,NA,1,NA,2,NA,NA,NA
"sp|P70269|CATE_MOUSE",-18.4523515604,-18.3288750358,NA,NA,NA,-18.5460424441,2,1,1,1,1,2,NA,NA,NA
"sp|P70315|WASP_MOUSE",NA,NA,NA,-18.9162268117,NA,NA,NA,NA,NA,1,NA,1,NA,NA,NA
"sp|P70372|ELAV1_MOUSE",-17.3091852939,-18.1100297232,-18.0349585021,-17.9409812888,-18.0777556254,NA,2,3,3,3,4,1,0.589512539184953,0.904306220095694,0.191310617366664
"sp|P70429|EVL_MOUSE",NA,-18.2038015802,NA,NA,NA,-18.1841395915,NA,1,2,2,1,3,NA,NA,NA
"sp|P70441|NHRF1_MOUSE",NA,NA,NA,-18.2343881849,NA,NA,3,3,2,2,2,1,NA,NA,NA
"sp|P70460|VASP_MOUSE",NA,NA,-17.8647453435,NA,NA,NA,2,2,4,3,1,4,NA,NA,NA
"sp|P80313|TCPH_MOUSE",-19.1680060891,-19.1193233353,-17.9515156126,NA,-19.0302217749,-19.2111084315,7,6,5,6,3,7,0.355045454545455,0.797385620915033,0.374383424200001
"sp|P80314|TCPB_MOUSE",-18.6164552472,-18.4644011483,-17.5574695872,-17.7325393627,-18.3092382704,-17.733668505,4,4,2,5,2,3,0.449688087774295,0.827777777777778,-0.287626614866667
"sp|P80315|TCPD_MOUSE",-19.4236646289,NA,-19.2620744832,-17.4957448286,-18.6025804082,-19.5910599404,9,7,7,11,10,10,0.104568965517241,0.709677419354839,-0.779741163649998
"sp|P80316|TCPE_MOUSE",-19.1690987597,NA,-18.4869035328,-18.6481442057,-17.7442621257,NA,2,1,3,5,4,3,0.153097178683386,0.73134328358209,-0.631797980550001
"sp|P80317|TCPZ_MOUSE",-18.6286472664,-17.7670656039,-18.3326541186,-18.3531008069,-18.4717286005,NA,5,4,4,5,5,7,0.627266457680251,0.909502262443439,0.169625707400002
"sp|P80318|TCPG_MOUSE",-19.4756367173,-17.7193020587,-17.4480903425,-17.4524475684,-17.6748869036,-17.6507817026,7,4,6,7,8,8,0.166051724137931,0.741573033707865,-0.621637647966665
"sp|P84104|SRSF3_MOUSE",-17.841903131,-17.3585865441,-15.5059449946,-16.1975530792,-16.0830976627,-16.7292842701,3,4,4,4,4,5,0.207915360501567,0.741573033707865,-0.565499885900003
"sp|P97310|MCM2_MOUSE",NA,NA,NA,NA,-20.2005774372,-19.9793164417,1,NA,1,2,4,3,NA,NA,NA
"sp|P97311|MCM6_MOUSE",NA,NA,NA,-19.3344737756,-19.4239716206,-19.4488674603,1,1,NA,5,2,5,NA,NA,NA
"sp|P97351|RS3A_MOUSE",-18.3388222071,NA,-17.8304755534,-17.8423065121,-17.0578483892,NA,10,5,4,8,4,9,0.141358934169279,0.709677419354839,-0.634571429600001
"sp|P97352|S10AD_MOUSE",NA,NA,NA,NA,-16.2513784604,-16.5121226654,4,2,2,1,2,1,NA,NA,NA
"sp|P97371|PSME1_MOUSE",-16.137303272,-15.8084096935,-17.8506509089,-17.2776910437,NA,-16.7015351708,6,6,5,7,4,7,0.369887147335423,0.797385620915033,0.390825149116669
"sp|P97372|PSME2_MOUSE",-18.239337108,NA,NA,NA,NA,NA,3,3,2,2,2,2,NA,NA,NA
"sp|P97384|ANX11_MOUSE",-17.8471634852,-18.5449261266,-18.3046526465,-18.3148181755,-18.4204874772,-18.8271232733,5,2,4,7,5,6,0.429865203761755,0.81875,0.288562222566668
"sp|P97425|ECP2_MOUSE",-17.0279186199,NA,NA,NA,-15.641007481,-15.8787435343,3,1,1,2,4,5,NA,NA,NA
"sp|P97426|ECP1_MOUSE",-16.8241932023,-16.7930063082,-16.6321521609,-15.216104015,-15.9363783586,-15.5095178859,1,2,2,6,4,5,0.0119059561128527,0.5,-1.19578380396667
"sp|P97461|RS5_MOUSE",-16.7051417481,NA,NA,NA,NA,-17.9356632385,8,2,2,5,3,2,NA,NA,NA
"sp|P97807|FUMH_MOUSE",-19.049003745,NA,NA,NA,-17.8837871623,-19.2887056043,4,3,2,3,2,4,NA,NA,NA
"sp|P97821|CATC_MOUSE",-18.6114209119,-18.478858561,-17.9606639051,-18.3749035986,-18.2872681004,-19.2082673935,3,2,2,2,1,2,0.464520376175549,0.827777777777778,0.273165238166666
"sp|P97823|LYPA1_MOUSE",NA,NA,NA,-17.6963571583,-17.8326191739,-17.8508001884,1,1,1,1,1,1,NA,NA,NA
"sp|P97855|G3BP1_MOUSE",NA,NA,-18.8301869646,-18.8223231911,-18.6457230192,-18.7143714993,1,2,1,3,3,3,NA,NA,NA
"sp|P99024|TBB5_MOUSE",-17.6960175048,-17.5045296714,-17.5317471131,-18.7017293464,-17.510038635,-17.5711416128,23,20,17,23,24,26,0.365901253918495,0.797385620915033,0.350205101633335
"sp|P99026|PSB4_MOUSE",NA,-17.9238873013,NA,NA,NA,NA,3,3,1,2,1,2,NA,NA,NA
"sp|P99027|RLA2_MOUSE",NA,-16.0891153947,-16.3778561442,NA,-15.9953925461,NA,4,3,3,4,3,4,NA,NA,NA
"sp|P99029|PRDX5_MOUSE",-16.0952093499,-16.1950164448,-17.2881638028,-16.5442869949,-16.6050071827,-16.2710448064,4,5,5,4,6,4,0.842081504702194,0.929712460063898,-0.0526835378333352
"sp|Q00612|G6PD1_MOUSE",-18.9992431744,NA,NA,NA,NA,NA,3,4,2,4,3,3,NA,NA,NA
"sp|Q01768|NDKB_MOUSE",NA,NA,-17.4320833098,NA,-17.3318332747,-17.6801022321,9,1,8,9,8,8,NA,NA,NA
"sp|Q01853|TERA_MOUSE",-18.067471296,-18.4665023402,-18.1175249205,-18.2002088044,-17.6938092065,-17.8332989384,16,12,14,12,15,16,0.394191222570533,0.797385620915033,-0.308060535800003
"sp|Q02053|UBA1_MOUSE",NA,NA,-19.5491722983,NA,NA,NA,8,4,8,NA,5,3,NA,NA,NA
"sp|Q02819|NUCB1_MOUSE",-18.9934064042,NA,NA,NA,NA,NA,1,NA,NA,1,NA,1,NA,NA,NA
"sp|Q03265|ATPA_MOUSE",-16.5832286429,-15.7066514374,-15.9114607638,-15.7297183831,-15.7114210915,-16.3987532251,10,13,14,15,13,15,0.715942006269592,0.926530612244898,-0.1204827148
"sp|Q03267|IKZF1_MOUSE",NA,NA,NA,NA,NA,-19.1868419669,4,3,3,3,3,4,NA,NA,NA
"sp|Q04447|KCRB_MOUSE",-18.4790129368,NA,NA,NA,NA,NA,3,2,1,1,1,2,NA,NA,NA
"sp|Q05144|RAC2_MOUSE",NA,-17.5343777395,-17.2187505311,-17.4324661034,NA,-17.543822945,7,7,5,6,6,2,0.721587774294671,0.926530612244898,0.111580388899998
"sp|Q05816|FABP5_MOUSE",NA,NA,NA,-17.1181241692,NA,-16.2284785363,3,1,2,3,3,3,NA,NA,NA
"sp|Q07076|ANXA7_MOUSE",NA,NA,NA,NA,NA,-18.9594037565,NA,1,NA,1,1,2,NA,NA,NA
"sp|Q07417|ACADS_MOUSE",-18.5087145512,NA,NA,NA,NA,NA,1,NA,NA,NA,NA,NA,NA,NA,NA
"sp|Q08943|SSRP1_MOUSE",-19.7588918577,-19.1128573031,-19.0305612514,NA,-18.441206876,-19.4624958062,2,3,5,4,4,4,0.380103448275862,0.797385620915033,-0.348918796300001
"sp|Q09014|NCF1_MOUSE",NA,NA,-18.2804776591,NA,NA,NA,2,2,1,1,2,1,NA,NA,NA
"sp|Q11011|PSA_MOUSE",NA,NA,NA,NA,-19.8353184043,NA,3,4,2,NA,2,3,NA,NA,NA
"sp|Q14DN9|AKD1B_MOUSE",NA,NA,NA,-20.2547283039,NA,NA,NA,1,2,2,2,3,NA,NA,NA
"sp|Q1HFZ0|NSUN2_MOUSE",-18.8220620916,-19.6391769459,NA,-19.5709488942,NA,-19.7424827729,3,2,1,4,1,2,0.287630094043887,0.771186440677966,0.426096314800002
"sp|Q3TDQ1|STT3B_MOUSE",-20.0449781546,NA,NA,NA,NA,NA,1,1,NA,1,NA,1,NA,NA,NA
"sp|Q3TEA8|HP1B3_MOUSE",-19.1681718234,-17.3012739321,-18.55046381,-18.6073714385,NA,-19.1463497111,9,11,9,11,11,12,0.227677115987461,0.754901960784314,0.53689071963333
"sp|Q3THE2|ML12B_MOUSE",-16.8428636382,-15.8804375477,-15.2544029932,-15.2276866501,-15.7526050969,-16.0920845012,5,5,7,7,6,5,0.445561128526646,0.827777777777778,-0.301775976966667
"sp|Q3THK7|GUAA_MOUSE",NA,NA,NA,-19.4678553793,NA,-19.7907476409,NA,2,NA,2,1,1,NA,NA,NA
"sp|Q3TWW8|SRSF6_MOUSE",-18.3766613241,-18.1234333445,-16.9846576162,-17.1222053889,-17.1585931831,-17.4271707196,3,3,2,4,2,2,0.163835423197492,0.741573033707865,-0.592260997733334
"sp|Q3TXS7|PSMD1_MOUSE",NA,NA,NA,-19.3590341032,NA,NA,2,2,1,1,2,1,NA,NA,NA
"sp|Q3TYS2|CYBC1_MOUSE",-17.6593353533,NA,NA,-17.4324048992,NA,-17.8850939583,4,3,4,2,3,3,NA,NA,NA
"sp|Q3U0V1|FUBP2_MOUSE",-18.0481336397,-19.2051864176,-18.3848580816,-18.4120187993,-19.2579045349,-18.4077830112,9,6,6,5,4,5,0.673413793103448,0.926530612244898,0.146509402166664
"sp|Q3U1J4|DDB1_MOUSE",-20.4451319209,-20.2963599499,NA,-20.1573594276,-20.1151915207,NA,4,5,4,4,3,5,0.493048589341693,0.828877005347594,-0.234470461250002
"sp|Q3U7R1|ESYT1_MOUSE",-19.9567271398,-19.8057087586,NA,-19.9716748754,NA,NA,3,4,5,4,5,7,NA,NA,NA
"sp|Q3U9G9|LBR_MOUSE",NA,-18.4485430217,NA,NA,NA,NA,9,9,7,6,5,9,NA,NA,NA
"sp|Q3UEB3|PUF60_MOUSE",NA,NA,NA,NA,-19.1185521689,NA,1,1,NA,2,2,2,NA,NA,NA
"sp|Q3UM45|PP1R7_MOUSE",-17.5271714646,NA,NA,-18.3145936196,NA,-18.3289127607,2,2,1,2,2,2,NA,NA,NA
"sp|Q3UP87|ELNE_MOUSE",-17.5480522139,-16.6875913482,-17.5287651958,-16.4440352759,-16.79642446,-16.4999614472,7,8,4,3,4,5,0.109291536050157,0.709677419354839,-0.674662524933336
"sp|Q3UZB0|ARMX5_MOUSE",NA,NA,NA,NA,NA,-19.1193498654,NA,NA,NA,NA,NA,2,NA,NA,NA
"sp|Q3V3R1|C1TM_MOUSE",NA,NA,-19.5521513057,-18.685535669,-18.5599044228,-18.3566402618,5,5,5,8,7,10,NA,NA,NA
"sp|Q501J6|DDX17_MOUSE",NA,-19.6332177913,NA,NA,-19.1707216788,NA,3,3,3,4,4,4,NA,NA,NA
"sp|Q505B7|ARCH_MOUSE",-17.3447516531,NA,NA,NA,NA,NA,2,1,1,1,1,1,NA,NA,NA
"sp|Q569Z5|DDX46_MOUSE",NA,NA,NA,-20.1380185579,NA,NA,2,1,1,2,NA,3,NA,NA,NA
"sp|Q5FWK3|RHG01_MOUSE",NA,NA,NA,NA,-18.8574265652,NA,2,1,1,2,2,3,NA,NA,NA
"sp|Q5SUR0|PUR4_MOUSE",-19.3027058704,NA,-20.0801838714,-19.9577868003,-20.2903155346,-20.3676684035,3,2,2,3,1,2,0.204457680250784,0.741573033707865,0.5138120419
"sp|Q5XJY5|COPD_MOUSE",-18.8961549126,NA,NA,-17.8537960804,-18.0202454329,-18.0946708427,2,2,3,5,3,3,NA,NA,NA
"sp|Q60597|ODO1_MOUSE",NA,NA,NA,NA,-19.6195913223,NA,5,NA,2,3,3,5,NA,NA,NA
"sp|Q60605|MYL6_MOUSE",-15.8380229398,-16.4676522735,-15.4763738462,-15.7814128378,-15.6558647445,-15.048409502,6,6,5,5,5,7,0.275352664576803,0.761061946902655,-0.432120658399999
"sp|Q60631|GRB2_MOUSE",-16.6480250938,-17.4256898679,NA,-17.394528872,-17.418414045,-16.695380357,4,4,2,3,4,4,0.694565830721003,0.926530612244898,0.13258361048333
"sp|Q60668|HNRPD_MOUSE",-18.7268068209,-18.8444091155,NA,NA,NA,-18.7982057984,10,10,8,8,10,9,NA,NA,NA
"sp|Q60687|FSHB_MOUSE",NA,-18.5293618063,NA,NA,NA,-18.7406517677,NA,2,NA,NA,NA,2,NA,NA,NA
"sp|Q60710|SAMH1_MOUSE",-17.7723417389,-18.8380356286,-17.8520838217,-18.6196026348,-19.0073384178,-17.8154123642,8,8,7,5,6,7,0.404054858934169,0.797385620915033,0.326630742533332
"sp|Q60749|KHDR1_MOUSE",NA,NA,NA,NA,-18.6364752179,-18.9150519943,2,1,2,2,2,3,NA,NA,NA
"sp|Q60864|STIP1_MOUSE",-18.4669828622,-17.9240614679,NA,-18.0175571623,NA,-18.92079268,11,8,5,9,5,7,0.485009404388715,0.828877005347594,0.273652756099999
"sp|Q60930|VDAC2_MOUSE",-18.0487666707,-17.1923741625,-16.9515645377,-18.305085958,-17.1500634695,-18.1758281049,6,7,5,7,6,7,0.246409090909091,0.754901960784314,0.479424053833334
"sp|Q60931|VDAC3_MOUSE",-18.2101408988,NA,NA,NA,NA,-17.2148030373,3,1,3,4,4,4,NA,NA,NA
"sp|Q60932|VDAC1_MOUSE",-16.8869578047,-17.7618739982,-16.8781191818,-17.5365747174,NA,-18.2140619428,4,7,5,6,2,4,0.11144670846395,0.709677419354839,0.699668001866669
"sp|Q60953|PML_MOUSE",NA,-18.4048987605,-19.2874699377,-17.871094202,-19.2660197802,-18.5426394227,5,6,5,6,5,6,0.473920062695925,0.827777777777778,-0.286266547466667
"sp|Q60972|RBBP4_MOUSE",NA,-18.3257595274,NA,NA,-18.4195608581,-18.5480518634,1,4,4,3,4,5,NA,NA,NA
"sp|Q60973|RBBP7_MOUSE",-19.2085048002,NA,NA,NA,NA,NA,4,3,3,NA,3,4,NA,NA,NA
"sp|Q61029|LAP2B_MOUSE",NA,NA,NA,NA,NA,-19.4379753247,5,6,1,5,3,4,NA,NA,NA
"sp|Q61074|PPM1G_MOUSE",-19.4675631586,NA,NA,NA,NA,NA,4,1,1,3,2,4,NA,NA,NA
"sp|Q61085|RHPN1_MOUSE",NA,NA,NA,-20.3054321159,NA,-20.5462212208,NA,NA,1,1,1,1,NA,NA,NA
"sp|Q61096|PRTN3_MOUSE",-18.0539676272,-17.8986484266,NA,NA,NA,NA,3,3,1,1,1,NA,NA,NA,NA
"sp|Q61191|HCFC1_MOUSE",-21.0007563032,NA,-21.1178232985,NA,-20.7925058791,NA,4,3,2,5,4,7,NA,NA,NA
"sp|Q61205|PA1B3_MOUSE",-18.1279096771,-17.9783760054,-17.4802976472,-18.0216340642,-17.7937071009,-18.1489662253,1,1,2,2,2,2,0.693318181818182,0.926530612244898,0.125908020233332
"sp|Q61206|PA1B2_MOUSE",-18.3221218995,-18.1067984289,-17.8187705202,-18.224220842,-17.95114252,-18.1319941233,1,1,1,1,1,1,0.899073667711599,0.929712460063898,0.019888878899998
"sp|Q61210|ARHG1_MOUSE",-20.2945378359,NA,-19.6502713087,-19.6909384484,NA,-19.9990252376,4,7,5,3,4,4,0.701847962382445,0.926530612244898,-0.127422729300001
"sp|Q61233|PLSL_MOUSE",-16.4417353,-16.0375494655,-15.2569935217,-15.7758763248,-15.6284658608,-16.2818339773,31,29,27,31,27,28,0.907854231974922,0.929712460063898,-0.0167007081000001
"sp|Q61316|HSP74_MOUSE",-18.6135196693,NA,NA,NA,NA,-18.6454374919,5,3,NA,5,1,7,NA,NA,NA
"sp|Q61425|HCDH_MOUSE",-18.5773546269,-18.1875420446,NA,NA,NA,NA,3,1,2,1,1,1,NA,NA,NA
"sp|Q61545|EWS_MOUSE",NA,-19.447768122,NA,NA,NA,-19.4406487844,1,1,NA,1,1,1,NA,NA,NA
"sp|Q61598|GDIB_MOUSE",-16.7282089193,-17.3686616078,-17.2657803846,-18.2297546107,-18.4510822184,-17.5661708999,14,11,8,11,11,10,0.0321379310344828,0.55,0.961452272433334
"sp|Q61646|HPT_MOUSE",-18.1756096174,-18.0146156684,NA,-18.2601866772,NA,-18.532667254,4,3,NA,1,NA,1,0.398766457680251,0.797385620915033,0.301314322700001
"sp|Q61656|DDX5_MOUSE",-18.2297392184,-17.3656439446,-17.8171119654,-16.8914696674,-16.98583454,-17.3411589636,16,15,14,16,14,18,0.0865971786833856,0.65,-0.731343985799999
"sp|Q61699|HS105_MOUSE",NA,-19.4618947769,-19.5743547834,-19.2153550147,-19.7383673149,-19.545148117,1,1,1,5,2,2,0.901887147335423,0.929712460063898,-0.0185012979499994
"sp|Q61753|SERA_MOUSE",-19.5307731551,NA,NA,NA,-18.9944661967,-19.1648349357,4,4,4,3,4,4,NA,NA,NA
"sp|Q61792|LASP1_MOUSE",-17.9801911538,NA,NA,NA,NA,NA,4,2,3,3,2,3,NA,NA,NA
"sp|Q61823|PDCD4_MOUSE",-18.5628362051,NA,NA,-18.3639585347,NA,-18.5176941127,4,2,3,4,3,3,NA,NA,NA
"sp|Q61878|PRG2_MOUSE",-15.4759323246,-15.4471075832,-15.1616708112,-14.1004632021,-15.38532647,-14.7196674268,9,5,6,10,10,11,0.138504702194357,0.709677419354839,-0.626417873366668
"sp|Q61990|PCBP2_MOUSE",NA,NA,NA,-17.8112916816,NA,NA,NA,NA,NA,3,NA,NA,NA,NA,NA
"sp|Q62093|SRSF2_MOUSE",-16.7190500664,-16.5396980787,-17.3324687014,-16.4471427902,-16.3885726147,-17.8112455393,4,4,3,3,3,4,0.905329153605016,0.929712460063898,0.0185813659000011
"sp|Q62261|SPTB2_MOUSE",-19.8907222265,-21.241469083,-19.2629611121,NA,NA,-19.7271431761,14,17,11,13,5,15,NA,NA,NA
"sp|Q62318|TIF1B_MOUSE",-19.4802251657,-19.3047905631,NA,-18.3016017497,NA,-19.5265371022,6,3,3,2,4,4,0.259029780564263,0.758928571428571,-0.478438438449999
"sp|Q62348|TSN_MOUSE",-17.6587594164,NA,NA,NA,NA,NA,2,NA,NA,NA,NA,NA,NA,NA,NA
"sp|Q62376|RU17_MOUSE",NA,-17.7171404334,NA,NA,-17.8002931449,NA,7,5,5,5,6,7,NA,NA,NA
"sp|Q62383|SPT6H_MOUSE",NA,NA,NA,-22.7291702772,NA,NA,NA,NA,NA,1,NA,1,NA,NA,NA
"sp|Q62418|DBNL_MOUSE",NA,-18.4471089787,-18.5716202793,-18.366620707,NA,NA,3,2,2,4,2,3,NA,NA,NA
"sp|Q62422|OSTF1_MOUSE",NA,NA,NA,-17.4388986336,NA,-17.9706157094,3,1,2,2,2,3,NA,NA,NA
"sp|Q62425|NDUA4_MOUSE",-15.4236732808,-15.0378707569,-16.2057777754,-16.1207070224,-15.5617824091,NA,5,5,5,4,4,4,0.461744514106583,0.827777777777778,0.285470778050001
"sp|Q62446|FKBP3_MOUSE",-17.7504825513,-17.4596698551,-17.3227963728,-17.4458142233,-17.436110465,-17.5537012778,2,2,2,2,2,3,0.872995297805643,0.929712460063898,-0.0324409377000023
"sp|Q62507|COCH_MOUSE",NA,NA,NA,NA,NA,-19.2853467413,NA,NA,NA,2,NA,1,NA,NA,NA
"sp|Q62523|ZYX_MOUSE",-19.2904144232,-18.0404009192,NA,NA,NA,-18.3206744023,2,2,2,2,2,2,NA,NA,NA
"sp|Q64012|RALY_MOUSE",NA,-16.6458249889,-17.9952131805,-17.7330114442,-17.9712495315,-18.3421304431,6,7,5,6,6,5,0.121655172413793,0.709677419354839,0.694944721566667
"sp|Q64433|CH10_MOUSE",-15.4243267568,-14.9883097554,-14.6240208952,-15.2735380569,-14.6912927715,-15.4375939198,8,6,5,7,6,6,0.711139498432602,0.926530612244898,0.121922446933334
"sp|Q64511|TOP2B_MOUSE",-19.0739364937,-19.4409759365,-20.0511689256,-19.6975669399,-20.8974550103,-19.3977725306,8,13,8,10,8,10,0.251636363636364,0.754901960784314,0.475571041666665
"sp|Q64518|AT2A3_MOUSE",NA,NA,NA,NA,NA,-20.0874121256,1,1,2,3,3,5,NA,NA,NA
"sp|Q64523|H2A2C_MOUSE",-14.6615282538,-14.3582644021,-14.4711754826,-15.1434291929,-14.545216152,-14.7761537631,33,41,24,24,25,36,0.375296238244514,0.797385620915033,0.324610323166667
"sp|Q64674|SPEE_MOUSE",-18.0962794986,NA,NA,NA,-18.0603445189,-18.1108172805,2,1,1,2,2,2,NA,NA,NA
"sp|Q64702|PLK4_MOUSE",NA,-20.3453941475,NA,-20.237789059,NA,-20.3868259209,NA,1,NA,2,1,1,NA,NA,NA
"sp|Q64727|VINC_MOUSE",NA,NA,NA,NA,-19.9233816181,NA,4,4,5,7,5,6,NA,NA,NA
"sp|Q68FD5|CLH1_MOUSE",-18.1568466755,-20.4908816929,-20.4163536448,-18.7259629898,-20.4645305455,-18.4783688012,17,12,11,14,13,20,0.312095611285266,0.797385620915033,-0.46507322556667
"sp|Q6A028|SWP70_MOUSE",NA,-19.1322316774,NA,NA,-19.1702837942,-19.1398693418,3,3,3,7,4,4,NA,NA,NA
"sp|Q6DID3|SCAF8_MOUSE",-20.266503574,-20.2700074468,NA,-20.2960820067,-20.0939419316,-20.1299805128,1,1,1,1,1,1,0.75324921630094,0.929712460063898,-0.0949206933666709
"sp|Q6IRU2|TPM4_MOUSE",-17.9582126792,-17.7720626138,-17.5795535901,-18.1772940761,NA,-17.909019027,9,7,4,6,6,5,0.445244514106583,0.827777777777778,0.273213590516665
"sp|Q6NV83|SR140_MOUSE",NA,-20.2677469362,NA,NA,-20.1419987601,NA,1,1,NA,NA,1,1,NA,NA,NA
"sp|Q6P069|SORCN_MOUSE",-17.9123741259,-17.5242483173,NA,-17.2896036185,NA,-16.5272776018,6,6,3,4,2,5,0.0702272727272727,0.583333333333333,-0.809870611449998
"sp|Q6P4T2|U520_MOUSE",NA,-20.6746344995,NA,-19.1034025372,-20.0763660437,-20.0493968925,5,6,6,9,6,11,NA,NA,NA
"sp|Q6P5D8|SMHD1_MOUSE",-21.4682076219,NA,NA,NA,NA,-21.4613476659,1,1,NA,NA,NA,2,NA,NA,NA
"sp|Q6PDM2|SRSF1_MOUSE",-14.6186740483,-16.8059829692,-15.6295207662,-17.7254255133,NA,-15.9538020924,19,15,13,13,12,15,0.0331003134796238,0.55,1.15488787495
"sp|Q6PDQ2|CHD4_MOUSE",NA,NA,-20.5888521559,NA,NA,NA,NA,2,2,2,2,3,NA,NA,NA
"sp|Q6PGH1|BUD31_MOUSE",NA,NA,NA,NA,NA,-16.529256002,2,NA,1,1,1,2,NA,NA,NA
"sp|Q6WVG3|KCD12_MOUSE",NA,-18.6304384031,NA,-18.0799250159,NA,NA,2,2,1,2,2,2,NA,NA,NA
"sp|Q6ZQ38|CAND1_MOUSE",NA,-20.2585017052,NA,NA,NA,-20.3862224947,5,2,NA,2,2,3,NA,NA,NA
"sp|Q6ZWN5|RS9_MOUSE",-17.2505890795,-17.1346059829,NA,-16.1910612199,-17.196357362,NA,12,11,7,12,8,8,0.233277429467085,0.754901960784314,-0.49888824025
"sp|Q6ZWQ7|SPCS3_MOUSE",NA,-17.4980256328,-17.1974855072,NA,NA,-17.6968994446,2,3,3,3,1,2,NA,NA,NA
"sp|Q6ZWX6|IF2A_MOUSE",-18.5773415073,NA,NA,NA,-17.7396075081,NA,3,3,3,5,4,5,NA,NA,NA
"sp|Q78PY7|SND1_MOUSE",-19.8582716782,NA,NA,-19.62732404,NA,-19.7589851442,3,2,2,4,4,6,NA,NA,NA
"sp|Q78ZA7|NP1L4_MOUSE",NA,-18.5949391168,NA,NA,NA,-18.4899464504,3,3,2,2,1,6,NA,NA,NA
"sp|Q7TNV0|DEK_MOUSE",NA,NA,-18.4058678501,NA,-17.4315309756,NA,2,3,4,2,5,5,NA,NA,NA
"sp|Q7TPR4|ACTN1_MOUSE",-16.7736299788,-17.8936983044,-18.0774546484,-19.0107801129,-18.449222239,-19.158856019,30,22,18,15,10,16,0.0112758620689655,0.5,1.29135847976667
"sp|Q7TPV4|MBB1A_MOUSE",-20.6776699127,-19.2113032117,-19.841339192,-20.0517982054,-20.200709739,-20.6698810915,3,3,3,3,2,3,0.321724137931034,0.797385620915033,0.397358906500003
"sp|Q7TSH2|KPBB_MOUSE",NA,NA,NA,NA,-21.0535085329,NA,1,1,1,NA,1,NA,NA,NA,NA
"sp|Q7TSV4|PGM2_MOUSE",-19.2848345154,NA,NA,NA,NA,NA,3,4,3,2,1,3,NA,NA,NA
"sp|Q80TY0|FNBP1_MOUSE",NA,-19.3867957866,-19.0422470785,NA,NA,-19.4208190921,2,3,3,3,3,2,NA,NA,NA
"sp|Q80UG5|SEPT9_MOUSE",NA,-17.9740564889,-17.8600467543,-18.9637912212,-18.8739433138,-19.714440357,5,5,5,4,5,5,0.00965203761755486,0.5,1.26700667573333
"sp|Q80UM7|MOGS_MOUSE",NA,-19.742863599,NA,-19.3864274792,NA,NA,2,3,NA,2,2,2,NA,NA,NA
"sp|Q80VD1|FA98B_MOUSE",NA,NA,NA,NA,-18.792244224,NA,1,1,1,1,1,1,NA,NA,NA
"sp|Q80XU3|NUCKS_MOUSE",NA,NA,-17.633648187,-17.6641391993,-17.8442950079,NA,1,1,1,2,2,1,NA,NA,NA
"sp|Q8BFR5|EFTU_MOUSE",-17.3100532548,NA,-18.6763329034,NA,-18.6065270826,NA,4,6,3,3,4,3,NA,NA,NA
"sp|Q8BG05|ROA3_MOUSE",NA,NA,NA,NA,NA,-17.9659726166,4,3,2,6,2,5,NA,NA,NA
"sp|Q8BG32|PSD11_MOUSE",NA,-18.4593217219,-18.0479630415,-19.1327234006,-19.1112183083,-19.0558791892,3,2,2,4,4,4,0.0447021943573668,0.56,0.846297917666664
"sp|Q8BGB5|LIMD2_MOUSE",NA,NA,NA,-17.0518800296,NA,NA,3,2,2,4,2,4,NA,NA,NA
"sp|Q8BH04|PCKGM_MOUSE",NA,NA,NA,NA,NA,-19.2555062947,1,2,NA,NA,1,2,NA,NA,NA
"sp|Q8BH59|S2512_MOUSE",NA,-19.4153363111,NA,NA,-19.1163655385,-19.2845134508,6,5,3,5,3,5,NA,NA,NA
"sp|Q8BH61|F13A_MOUSE",NA,NA,NA,NA,NA,-20.0364018797,2,1,1,2,1,2,NA,NA,NA
"sp|Q8BHD7|PTBP3_MOUSE",NA,-19.6759051922,NA,NA,NA,NA,7,4,2,6,7,6,NA,NA,NA
"sp|Q8BIQ5|CSTF2_MOUSE",NA,NA,NA,-19.189048811,NA,-19.5152035783,1,1,NA,2,1,2,NA,NA,NA
"sp|Q8BJ71|NUP93_MOUSE",-19.5944703314,NA,-19.6336701964,-19.4437703288,-19.6167910017,NA,1,1,1,2,2,3,0.781186520376176,0.929712460063898,-0.0837895986500001
"sp|Q8BJS4|SUN2_MOUSE",-18.4263460777,NA,NA,-19.3629646649,-18.4538581113,-19.6006308826,3,2,2,2,3,3,NA,NA,NA
"sp|Q8BJY1|PSMD5_MOUSE",-18.8880128719,-19.3270965596,NA,-18.7501767535,-18.8881275167,NA,1,3,NA,2,1,2,0.428300940438871,0.81875,-0.288402580650001
"sp|Q8BK64|AHSA1_MOUSE",NA,NA,NA,NA,-18.3073160012,-18.6690415252,NA,NA,NA,1,2,1,NA,NA,NA
"sp|Q8BK67|RCC2_MOUSE",-18.9499106084,-19.2634351249,NA,-19.1993249317,-18.1625664999,-18.044254337,3,5,8,2,7,5,0.141675548589342,0.709677419354839,-0.637957610450002
"sp|Q8BL97|SRSF7_MOUSE",-17.6091191168,-17.3229035727,-17.2673828773,NA,-17.3750533084,-17.6040902264,5,4,2,4,4,6,0.769271159874608,0.929712460063898,0.0897699118000013
"sp|Q8BLF1|NCEH1_MOUSE",NA,NA,NA,-20.5880896005,NA,-20.4501292983,NA,2,NA,1,NA,1,NA,NA,NA
"sp|Q8BML9|SYQ_MOUSE",NA,NA,NA,NA,NA,-19.826428241,NA,NA,NA,1,NA,3,NA,NA,NA
"sp|Q8BMS1|ECHA_MOUSE",-18.7210627312,-19.4658285538,-17.3913154397,-19.3383238647,-17.5682989232,-18.7687693668,4,3,6,7,7,7,0.882630094043887,0.929712460063898,0.032395143333332
"sp|Q8BP67|RL24_MOUSE",NA,NA,NA,NA,-17.0390265482,NA,7,4,1,5,5,5,NA,NA,NA
"sp|Q8BTM8|FLNA_MOUSE",-18.3428631091,-19.6012478704,-19.2037415906,-17.7746266272,-19.7015429376,-18.2403774839,34,28,25,32,22,34,0.268148902821317,0.758928571428571,-0.477101840466666
"sp|Q8BVK9|SP110_MOUSE",NA,-19.1590087601,-18.8064300886,NA,-18.9429370007,-19.2939608081,3,4,3,2,3,3,0.680141065830721,0.926530612244898,0.135729480049996
"sp|Q8BYW1|RHG25_MOUSE",NA,-19.5733873988,NA,NA,-19.060323638,NA,3,2,2,3,2,3,NA,NA,NA
"sp|Q8C129|LCAP_MOUSE",NA,NA,NA,NA,-20.130683323,-19.9974234302,2,4,3,1,3,3,NA,NA,NA
"sp|Q8C166|CPNE1_MOUSE",-19.3913198601,-19.4779134758,NA,-19.0345733721,-19.5932225893,NA,3,3,3,4,5,5,0.71055329153605,0.926530612244898,-0.120718687250005
"sp|Q8C2Q3|RBM14_MOUSE",-19.4611608877,-19.4361313259,NA,-19.4247944099,NA,-19.4394624976,1,2,1,2,1,4,0.90437460815047,0.929712460063898,-0.0165176530499984
"sp|Q8C3J5|DOCK2_MOUSE",NA,-20.9636084353,NA,-21.017340518,-21.0503536849,NA,3,4,3,3,2,5,NA,NA,NA
"sp|Q8CCS6|PABP2_MOUSE",-18.5235818194,NA,NA,NA,NA,NA,2,NA,1,1,2,1,NA,NA,NA
"sp|Q8CDN6|TXNL1_MOUSE",NA,NA,NA,NA,NA,-18.3694716285,2,NA,NA,1,1,1,NA,NA,NA
"sp|Q8CGC7|SYEP_MOUSE",-20.7105139176,-20.3582599678,NA,-20.3679543212,-20.3263538071,-20.3913448367,3,3,1,2,2,3,0.604769592476489,0.908256880733945,-0.172502621033335
"sp|Q8CGF7|TCRG1_MOUSE",-20.1186805063,NA,NA,-20.0919286959,-20.0602027991,-20.2157407574,2,1,2,2,1,3,NA,NA,NA
"sp|Q8CGP5|H2A1F_MOUSE",NA,NA,NA,NA,-16.9957592253,NA,34,42,25,NA,27,37,NA,NA,NA
"sp|Q8CI94|PYGB_MOUSE",-19.3478657792,NA,-18.2204793995,-18.3910818271,-19.0946179464,-19.3145409877,6,5,3,5,3,3,0.676633228840125,0.926530612244898,0.149240997716667
"sp|Q8CIE6|COPA_MOUSE",-20.3556729333,NA,NA,-19.7467345461,-19.734982552,-20.199997172,3,2,4,5,3,4,NA,NA,NA
"sp|Q8JZQ9|EIF3B_MOUSE",NA,-20.0547763544,NA,NA,-19.8589948432,NA,9,5,4,10,4,8,NA,NA,NA
"sp|Q8K003|TMA7_MOUSE",NA,NA,NA,NA,NA,-16.2521783211,2,2,3,1,1,3,NA,NA,NA
"sp|Q8K019|BCLF1_MOUSE",-20.167216839,NA,NA,NA,NA,NA,2,1,1,1,1,1,NA,NA,NA
"sp|Q8K1B8|URP2_MOUSE",-19.2997196038,NA,NA,NA,-18.9151280369,NA,4,4,5,6,7,8,NA,NA,NA
"sp|Q8K1I7|WIPF1_MOUSE",NA,NA,NA,-19.093795615,-19.0579026219,NA,3,2,2,4,2,4,NA,NA,NA
"sp|Q8K2B3|SDHA_MOUSE",NA,-19.2086990452,-18.9185961321,-19.0515163894,NA,NA,5,5,3,3,2,2,NA,NA,NA
"sp|Q8K310|MATR3_MOUSE",NA,NA,NA,-20.3533517741,NA,NA,6,4,3,2,2,5,NA,NA,NA
"sp|Q8K426|RETNG_MOUSE",-16.649381438,-16.7536182485,NA,-16.4892770068,-17.0467502692,NA,1,1,1,1,1,1,0.817739811912226,0.929712460063898,0.0665137947500014
"sp|Q8K4Z5|SF3A1_MOUSE",NA,NA,NA,NA,-19.5683925496,NA,1,2,2,2,2,4,NA,NA,NA
"sp|Q8QZT1|THIL_MOUSE",-18.0350083791,-17.8148082609,-17.6643061299,-17.8208098453,NA,-18.0410758524,5,4,2,4,1,4,0.763550156739812,0.929712460063898,0.0929019255500023
"sp|Q8QZY1|EIF3L_MOUSE",NA,-19.0177461326,-18.7882380737,-18.8012907029,-18.8030770648,NA,2,3,3,2,2,2,0.743694357366771,0.929712460063898,-0.100808219299999
"sp|Q8QZZ7|TPRKB_MOUSE",NA,-17.6493145955,NA,NA,NA,NA,1,1,1,NA,NA,1,NA,NA,NA
"sp|Q8R050|ERF3A_MOUSE",-19.6023024485,NA,NA,NA,NA,NA,2,1,NA,1,1,2,NA,NA,NA
"sp|Q8R081|HNRPL_MOUSE",NA,-18.1399406905,-18.1011446047,-17.771451707,-17.1978624344,-18.0765347123,11,10,13,11,11,11,0.264391849529781,0.758928571428571,-0.438593029700002
"sp|Q8R1B4|EIF3C_MOUSE",-20.28823291,-19.949959055,NA,NA,NA,NA,9,9,4,7,9,7,NA,NA,NA
"sp|Q8R2S8|CD177_MOUSE",NA,-18.6067290138,-19.5331598436,NA,-19.6044200076,NA,6,5,3,4,6,3,NA,NA,NA
"sp|Q8R326|PSPC1_MOUSE",NA,-18.9022220256,NA,NA,NA,-18.8635241863,1,1,2,1,1,1,NA,NA,NA
"sp|Q8R550|SH3K1_MOUSE",NA,-19.4233646386,NA,NA,NA,NA,2,4,2,1,2,NA,NA,NA,NA
"sp|Q8VBT0|TMX1_MOUSE",NA,-17.8729654583,NA,-17.7837962076,NA,-17.9522371076,1,1,NA,1,NA,1,NA,NA,NA
"sp|Q8VCI0|PLBL1_MOUSE",-18.5160627975,-19.3329949016,-19.2724038085,-19.1613723318,NA,-19.4698778072,3,3,2,1,1,2,0.462330721003135,0.827777777777778,0.275137900300003
"sp|Q8VCM7|FIBG_MOUSE",-18.8653529169,-18.5765487928,-18.334529538,-18.936539858,-18.7136361358,-18.7617952352,5,4,4,3,3,6,0.546391849529781,0.875621890547264,0.211846660433334
"sp|Q8VCQ6|SMS1_MOUSE",-21.2196784491,NA,NA,NA,NA,NA,1,NA,NA,NA,NA,NA,NA,NA,NA
"sp|Q8VCT3|AMPB_MOUSE",NA,NA,NA,-19.1713553882,NA,-19.4651140914,2,1,NA,2,NA,2,NA,NA,NA
"sp|Q8VDD5|MYH9_MOUSE",-17.5606799846,-17.7317261605,-17.342837988,-17.509913389,-17.6920892714,-17.3739708456,60,66,55,51,54,62,0.899390282131661,0.929712460063898,-0.0197568757000006
"sp|Q8VDM4|PSMD2_MOUSE",-19.7046284491,-20.0708833425,-19.3732340569,-19.3964353953,-19.3909675476,-19.6014279134,4,3,3,6,4,6,0.480586206896552,0.827777777777778,-0.253304997400001
"sp|Q8VDM6|HNRL1_MOUSE",-19.6535671594,NA,NA,-19.371795295,NA,-20.0020481481,3,2,NA,2,2,2,NA,NA,NA
"sp|Q8VDN2|AT1A1_MOUSE",-20.0667392602,NA,NA,NA,NA,NA,4,5,2,2,2,2,NA,NA,NA
"sp|Q8VDW0|DX39A_MOUSE",NA,NA,NA,-19.1646670863,-18.9752110639,-18.6732475722,12,13,9,2,1,16,NA,NA,NA
"sp|Q8VE70|PDC10_MOUSE",NA,-16.5741507184,NA,NA,NA,NA,NA,2,1,1,NA,1,NA,NA,NA
"sp|Q8VED5|K2C79_MOUSE",NA,NA,-18.5869571124,-18.8261519396,NA,NA,NA,1,2,1,NA,NA,NA,NA,NA
"sp|Q8VEH3|ARL8A_MOUSE",-17.9148644563,NA,NA,NA,NA,NA,2,2,2,0,2,2,NA,NA,NA
"sp|Q8VEK3|HNRPU_MOUSE",-18.3496397978,NA,NA,NA,-19.8360219432,-20.7777210934,12,10,11,9,12,13,NA,NA,NA
"sp|Q8VEM8|S25A3_MOUSE",NA,-18.6018567391,-18.2920368483,NA,-18.2508093633,-18.409080409,4,5,4,2,3,3,0.709951410658307,0.926530612244898,-0.117001907549998
"sp|Q8VH51|RBM39_MOUSE",NA,NA,NA,-19.1160351566,NA,-19.4458452715,2,4,1,3,3,2,NA,NA,NA
"sp|Q8VIJ6|SFPQ_MOUSE",-17.4851648377,-17.7294062299,-18.7249036068,-17.5621564081,-17.3161295064,-17.4907793557,6,4,5,6,6,9,0.203824451410658,0.741573033707865,-0.523469801400001
"sp|Q91V12|BACH_MOUSE",NA,NA,NA,NA,NA,-18.8076302029,1,NA,NA,NA,NA,1,NA,NA,NA
"sp|Q91V92|ACLY_MOUSE",NA,NA,NA,NA,-19.8493385551,NA,3,1,1,2,2,3,NA,NA,NA
"sp|Q91VC3|IF4A3_MOUSE",-18.0465022095,-18.6661647698,-18.2360223993,-18.0577613326,-17.2931871085,-18.2732803854,4,6,5,4,6,5,0.262115987460815,0.758928571428571,-0.441486850700002
"sp|Q91VD9|NDUS1_MOUSE",NA,NA,NA,NA,NA,-19.6343382674,2,NA,2,4,1,4,NA,NA,NA
"sp|Q91VI7|RINI_MOUSE",-18.8660851118,-17.6071119528,NA,NA,-18.7055295662,-18.7312030891,7,7,5,6,7,8,0.256114420062696,0.758928571428571,0.481767795349999
"sp|Q91VM5|RMXL1_MOUSE",NA,NA,NA,NA,NA,-18.7720337131,2,2,1,3,1,3,NA,NA,NA
"sp|Q91VR2|ATPG_MOUSE",-17.9935689779,-16.7162430358,NA,-17.6211596379,-17.7600315443,-16.8700489379,5,5,4,5,5,5,0.829747648902821,0.929712460063898,0.0621740331833323
"sp|Q91VR5|DDX1_MOUSE",NA,-19.4602453202,NA,NA,NA,NA,2,2,1,2,3,2,NA,NA,NA
"sp|Q91W90|TXND5_MOUSE",NA,NA,NA,-18.8883311281,-18.8691647126,NA,3,3,NA,2,2,2,NA,NA,NA
"sp|Q91WD5|NDUS2_MOUSE",NA,-19.2144394311,NA,NA,NA,NA,1,1,NA,1,NA,NA,NA,NA,NA
"sp|Q91WJ8|FUBP1_MOUSE",-19.1723768339,NA,-18.6952858757,NA,-18.9038665981,-18.3518866945,7,5,5,3,5,6,0.417951410658307,0.814102564102564,-0.3059547085
"sp|Q91WN1|DNJC9_MOUSE",NA,NA,NA,-18.0598495141,NA,NA,5,3,3,3,3,4,NA,NA,NA
"sp|Q91YQ5|RPN1_MOUSE",-17.8551129302,-17.3460163341,-17.4376011711,-16.7145939957,-17.4343175579,-18.1399661628,8,7,8,10,11,8,0.730155172413793,0.929712460063898,-0.116617573000003
"sp|Q91YT0|NDUV1_MOUSE",NA,NA,NA,-18.7386436021,NA,NA,1,2,2,2,2,1,NA,NA,NA
"sp|Q921F2|TADBP_MOUSE",-16.6810805289,-17.3774204097,-16.6250625435,-18.1479816228,-17.3191457055,-16.8363486814,8,5,5,6,4,5,0.198884012539185,0.741573033707865,0.539970842533332
"sp|Q921M3|SF3B3_MOUSE",NA,-20.1636783601,-18.214676608,-18.7356729966,-18.3775568399,-18.6889658151,11,9,8,9,9,10,0.195548589341693,0.741573033707865,-0.588445600183331
"sp|Q921M7|CYRIB_MOUSE",-18.592144022,NA,-18.181828733,NA,NA,NA,3,3,2,4,4,3,NA,NA,NA
"sp|Q922B2|SYDC_MOUSE",-18.9664454822,-18.9283087779,-18.6512806656,NA,-17.8993532507,NA,3,3,5,6,4,4,NA,NA,NA
"sp|Q922D8|C1TC_MOUSE",-18.8597690863,-19.8092691398,-19.2243073172,-19.9029487761,-19.350941318,-18.3074813144,3,3,2,4,5,5,0.749192789968652,0.929712460063898,-0.110658044933334
"sp|Q922Q8|LRC59_MOUSE",-18.8413501272,NA,NA,NA,NA,NA,2,4,2,5,4,5,NA,NA,NA
"sp|Q922V4|PLRG1_MOUSE",NA,NA,NA,NA,-18.7649644891,NA,1,NA,NA,1,1,1,NA,NA,NA
"sp|Q93092|TALDO_MOUSE",-17.440295385,-17.0905242972,NA,NA,NA,NA,10,9,8,10,8,8,NA,NA,NA
"sp|Q99020|ROAA_MOUSE",NA,NA,NA,-18.3853391041,NA,NA,6,7,5,8,5,10,NA,NA,NA
"sp|Q99JF8|PSIP1_MOUSE",NA,NA,NA,NA,NA,-19.124748825,0,NA,3,3,NA,3,NA,NA,NA
"sp|Q99JR1|SFXN1_MOUSE",NA,NA,NA,NA,NA,-18.4151021376,NA,NA,NA,NA,NA,1,NA,NA,NA
"sp|Q99JX3|GORS2_MOUSE",-19.5810143449,-19.1800065822,NA,NA,NA,NA,1,1,NA,1,NA,1,NA,NA,NA
"sp|Q99JY0|ECHB_MOUSE",-17.5036896373,-19.237622873,-18.5632854935,-17.0831829924,-16.7344399359,-18.5794345183,7,6,6,8,8,7,0.0507257053291536,0.583333333333333,-0.969180185733332
"sp|Q99JY3|GIMA4_MOUSE",-17.2645133307,-16.30433609,-16.320620999,-18.1877731209,-16.5315682026,-16.5498422907,7,8,4,5,6,8,0.27819592476489,0.763157894736842,0.459904398166668
"sp|Q99JY9|ARP3_MOUSE",-17.5918519543,-16.6571487937,NA,-17.3443258596,-16.9942508356,-17.0870945253,14,13,14,14,15,13,0.906233542319749,0.929712460063898,0.0173900328333332
"sp|Q99JZ0|SDCB2_MOUSE",NA,NA,NA,-20.2706667329,NA,-19.5615713076,NA,1,NA,1,NA,1,NA,NA,NA
"sp|Q99KI0|ACON_MOUSE",-19.4515258573,-19.3063107382,-18.0264660916,-19.1887576757,-19.4510326518,-19.5172090997,7,6,6,6,6,7,0.260865203761755,0.758928571428571,0.457565580033336
"sp|Q99KK7|DPP3_MOUSE",-18.4494814971,-19.6275577682,-19.5141017998,-19.3849087151,NA,NA,3,5,2,3,2,3,NA,NA,NA
"sp|Q99KP6|PRP19_MOUSE",NA,NA,-18.5459382078,NA,-18.6259576816,-18.7899461177,2,NA,3,1,2,5,NA,NA,NA
"sp|Q99L27|GMPR2_MOUSE",-18.3032486325,NA,NA,NA,NA,NA,1,NA,NA,NA,NA,NA,NA,NA,NA
"sp|Q99L45|IF2B_MOUSE",NA,NA,NA,NA,-18.3858752245,-18.3818445488,NA,1,NA,3,1,3,NA,NA,NA
"sp|Q99L47|F10A1_MOUSE",-18.4886371452,NA,NA,NA,NA,NA,4,3,1,3,1,3,NA,NA,NA
"sp|Q99LB6|MAT2B_MOUSE",NA,NA,NA,-18.0481926873,-18.1717900132,NA,2,2,1,1,1,1,NA,NA,NA
"sp|Q99LX0|PARK7_MOUSE",NA,-17.3223943013,NA,NA,NA,NA,4,6,5,4,4,3,NA,NA,NA
"sp|Q99LY9|NDUS5_MOUSE",NA,NA,NA,-16.5933791983,NA,NA,1,1,NA,1,1,1,NA,NA,NA
"sp|Q99MN1|SYK_MOUSE",-19.5087181516,NA,NA,-19.2326086978,NA,-19.1692766675,2,2,NA,1,1,5,NA,NA,NA
"sp|Q99MR6|SRRT_MOUSE",NA,-19.8380751368,NA,NA,NA,NA,5,5,3,5,3,7,NA,NA,NA
"sp|Q99N69|LPXN_MOUSE",NA,NA,NA,NA,-18.5733037273,-18.5707162255,1,1,NA,1,1,1,NA,NA,NA
"sp|Q99NB9|SF3B1_MOUSE",-20.1276317397,NA,-20.4938258395,-20.4994786134,-20.2894307523,-20.2733525844,5,4,2,4,3,3,0.854432601880878,0.929712460063898,0.0433585271000005
"sp|Q99PT1|GDIR1_MOUSE",-17.4463910191,NA,NA,NA,NA,NA,1,NA,1,NA,NA,NA,NA,NA,NA
"sp|Q99PV0|PRP8_MOUSE",NA,NA,NA,NA,NA,-20.4604400398,6,7,3,10,6,11,NA,NA,NA
"sp|Q9CPR4|RL17_MOUSE",NA,-17.0477320775,-16.1914748169,-17.0283667283,NA,-17.4270828587,5,2,5,3,5,2,0.156556426332288,0.73134328358209,0.608121346300003
"sp|Q9CPU0|LGUL_MOUSE",-17.2980442552,NA,NA,NA,NA,NA,3,3,2,1,3,2,NA,NA,NA
"sp|Q9CQ48|NUDC2_MOUSE",NA,NA,NA,-17.6122236234,NA,-17.6866516291,NA,NA,NA,1,NA,1,NA,NA,NA
"sp|Q9CQ60|6PGL_MOUSE",-18.001229399,NA,NA,NA,NA,-18.0314128636,1,2,1,3,1,2,NA,NA,NA
"sp|Q9CQ92|FIS1_MOUSE",-17.7884065707,-16.5181933241,NA,NA,NA,-17.5341248951,2,3,2,2,2,3,NA,NA,NA
"sp|Q9CQI3|GMFB_MOUSE",NA,NA,-16.6095214047,NA,NA,NA,1,2,1,2,2,2,NA,NA,NA
"sp|Q9CQI6|COTL1_MOUSE",-15.2505150873,-14.9520180817,-14.6781604893,-15.0946205874,-15.4135756104,-15.4237800919,11,11,10,10,10,12,0.346264890282132,0.797385620915033,0.350427543799999
"sp|Q9CQM5|TXD17_MOUSE",-16.9161520795,-16.9223196594,-16.5917543755,-16.7701041946,-16.9803991332,-17.1926317537,2,2,2,2,1,2,0.610841692789969,0.908256880733945,0.170969655699999
"sp|Q9CQM9|GLRX3_MOUSE",NA,-18.5437248695,NA,NA,NA,NA,2,1,1,2,1,2,NA,NA,NA
"sp|Q9CQN6|TM14C_MOUSE",NA,NA,NA,NA,-16.9132618493,NA,1,NA,1,NA,2,1,NA,NA,NA
"sp|Q9CQQ7|AT5F1_MOUSE",-18.1291570631,NA,NA,NA,NA,NA,4,3,2,2,1,1,NA,NA,NA
"sp|Q9CQR2|RS21_MOUSE",NA,-15.9445685247,-15.7557920719,-15.8225323793,-15.8015334658,NA,1,2,2,2,2,1,0.86174921630094,0.929712460063898,-0.0381473757500004
"sp|Q9CQS8|SC61B_MOUSE",NA,NA,NA,NA,-16.7329436559,NA,1,1,1,1,1,1,NA,NA,NA
"sp|Q9CQV8|1433B_MOUSE",-17.7353413184,-16.5962576062,-17.4698045118,NA,-16.5391307073,NA,10,10,7,7,6,11,NA,NA,NA
"sp|Q9CQW2|ARL8B_MOUSE",NA,NA,NA,NA,-17.3120243642,NA,NA,NA,NA,2,3,NA,NA,NA,NA
"sp|Q9CR16|PPID_MOUSE",-18.517834085,NA,NA,NA,NA,-18.437055927,2,2,3,4,4,2,NA,NA,NA
"sp|Q9CR57|RL14_MOUSE",-16.1687568173,-16.1480775561,-16.7821334915,-16.8996203755,-16.8662858649,-16.3511982464,5,5,3,4,4,6,0.365299373040752,0.797385620915033,0.339378873966666
"sp|Q9CR62|M2OM_MOUSE",-18.3546169836,-18.0555038611,NA,NA,-18.1377731179,NA,3,3,1,3,2,2,NA,NA,NA
"sp|Q9CR67|TMM33_MOUSE",NA,-17.752000738,-17.4179570473,NA,-17.7195663553,NA,1,1,1,1,1,NA,NA,NA,NA
"sp|Q9CRB2|NHP2_MOUSE",NA,NA,-16.8564916598,-17.0815297629,-16.7418834281,-17.2684478496,1,1,1,1,1,1,NA,NA,NA
"sp|Q9CS42|PRPS2_MOUSE",NA,NA,-17.5513127895,-17.7526402848,NA,NA,2,1,1,1,1,1,NA,NA,NA
"sp|Q9CSN1|SNW1_MOUSE",-18.0844235015,NA,NA,NA,NA,-19.0721122692,2,1,1,1,1,2,NA,NA,NA
"sp|Q9CU62|SMC1A_MOUSE",NA,NA,-19.9472784349,NA,-20.0058263948,-19.2361883906,6,6,5,3,4,6,NA,NA,NA
"sp|Q9CVB6|ARPC2_MOUSE",-17.1328158046,-17.9198443335,NA,-16.9336908229,-18.2242399593,-16.6613201934,7,6,8,5,5,7,0.534336990595611,0.862244897959184,-0.253246410516663
"sp|Q9CW03|SMC3_MOUSE",NA,NA,NA,-20.5679865998,NA,NA,1,2,NA,1,2,2,NA,NA,NA
"sp|Q9CWJ9|PUR9_MOUSE",NA,NA,NA,-17.9251342221,NA,-18.3865821074,4,4,4,5,4,3,NA,NA,NA
"sp|Q9CWK8|SNX2_MOUSE",NA,NA,-18.5920550721,-18.6306428248,NA,-19.2389025505,4,5,3,4,4,5,NA,NA,NA
"sp|Q9CWL8|CTBL1_MOUSE",NA,NA,NA,NA,NA,-19.4700792204,1,1,NA,1,2,1,NA,NA,NA
"sp|Q9CWZ3|RBM8A_MOUSE",-17.5413743889,-17.0289053487,-17.2777662736,-17.3905029948,-17.0209957153,NA,2,2,2,1,2,1,0.796890282131661,0.929712460063898,-0.0769326486833357
"sp|Q9CXY6|ILF2_MOUSE",-19.1028932097,NA,NA,-17.9894834884,NA,NA,2,2,1,1,1,3,NA,NA,NA
"sp|Q9CY58|SERB1_MOUSE",-18.6743122966,NA,NA,NA,NA,NA,5,4,2,4,3,6,NA,NA,NA
"sp|Q9CY66|GAR1_MOUSE",-17.6450975018,-17.4988966834,-17.5522062603,-17.391005084,NA,NA,2,2,2,2,NA,2,NA,NA,NA
"sp|Q9CYZ2|TPD54_MOUSE",NA,-17.648824121,NA,NA,NA,-17.8873443487,2,2,1,2,1,3,NA,NA,NA
"sp|Q9CZ13|QCR1_MOUSE",NA,-19.0025271839,-17.8798296289,-19.0493334401,-18.8421378959,-19.1554503559,3,3,3,2,4,2,0.172669278996865,0.741573033707865,0.574462157566668
"sp|Q9CZ44|NSF1C_MOUSE",-17.2855940685,-17.1983694742,-16.5463749677,-17.0271680002,-17.3183921215,-16.8422985864,4,4,4,4,5,5,0.839891849529781,0.929712460063898,0.0525067325666662
"sp|Q9CZM2|RL15_MOUSE",NA,NA,NA,-18.1441236702,NA,-18.3416456926,5,5,5,5,3,6,NA,NA,NA
"sp|Q9CZN7|GLYM_MOUSE",NA,NA,NA,NA,NA,-18.9041237624,4,3,2,3,4,4,NA,NA,NA
"sp|Q9CZU6|CISY_MOUSE",-17.2130849173,-16.93310833,-17.0286288555,-17.6248547305,-16.7676616767,-17.0603242218,6,7,6,8,8,6,0.768954545454545,0.929712460063898,0.0926728420666656
"sp|Q9CZW5|TOM70_MOUSE",NA,-19.2673225496,NA,NA,NA,-19.4209021796,NA,1,1,1,NA,1,NA,NA,NA
"sp|Q9CZX8|RS19_MOUSE",NA,NA,NA,-16.6067043663,-16.5021240041,-16.8823397497,8,5,4,6,5,6,NA,NA,NA
"sp|Q9D0D5|T2EA_MOUSE",NA,NA,NA,-19.7909322204,NA,-20.5326607719,NA,1,NA,2,NA,2,NA,NA,NA
"sp|Q9D0E1|HNRPM_MOUSE",-18.7523181244,-19.1325964652,-18.1446796189,-17.9478682005,-17.7953364695,-18.6919657217,10,12,11,14,12,12,0.199509404388715,0.741573033707865,-0.5314746056
"sp|Q9D0I9|SYRC_MOUSE",NA,-19.601475206,NA,NA,-19.8319185422,NA,3,3,1,4,1,6,NA,NA,NA
"sp|Q9D0J8|PTMS_MOUSE",-16.4814373096,-16.1916241881,NA,NA,NA,NA,3,2,3,3,3,1,NA,NA,NA
"sp|Q9D0K2|SCOT1_MOUSE",-19.0090924761,NA,NA,-18.7540250288,NA,NA,2,NA,NA,2,NA,1,NA,NA,NA
"sp|Q9D0M1|KPRA_MOUSE",-18.8425771998,NA,NA,NA,NA,NA,2,NA,NA,1,NA,1,NA,NA,NA
"sp|Q9D0M3|CY1_MOUSE",-18.1025582581,-18.1237261223,-16.7075771702,-18.1880760898,-16.9289703073,NA,1,1,2,1,2,1,0.800111285266458,0.929712460063898,-0.0860973183166678
"sp|Q9D0T1|NH2L1_MOUSE",-15.1925015336,-15.8021929188,-16.3197479391,-16.7030764412,-16.8179526998,-15.5879932102,5,4,3,4,4,4,0.167224137931034,0.741573033707865,0.598193319899998
"sp|Q9D154|ILEUA_MOUSE",-16.1525789035,-16.6988970491,-17.0273445283,-16.89414052,-16.6828445107,-18.6196534431,14,14,11,12,11,13,0.0970815047021944,0.709677419354839,0.772605997633331
"sp|Q9D1A2|CNDP2_MOUSE",NA,NA,-18.3215411967,-18.5453814908,-18.7369218642,-18.5145526151,4,7,5,4,4,3,NA,NA,NA
"sp|Q9D1J3|SARNP_MOUSE",NA,NA,-17.1237708865,NA,-17.3105575748,-17.6767896571,3,3,3,1,3,4,NA,NA,NA
"sp|Q9D1Q6|ERP44_MOUSE",NA,NA,NA,NA,NA,-19.6923029479,3,2,NA,1,2,3,NA,NA,NA
"sp|Q9D1R9|RL34_MOUSE",NA,NA,-16.8062713843,-16.5418408408,NA,NA,6,4,3,6,5,4,NA,NA,NA
"sp|Q9D2G2|ODO2_MOUSE",-17.5143003738,-17.6574230707,NA,NA,NA,-18.9112345236,3,4,2,3,1,2,NA,NA,NA
"sp|Q9D2V7|CORO7_MOUSE",NA,-20.2550340635,NA,-19.7149440312,NA,-19.9561454332,4,5,4,5,4,5,NA,NA,NA
"sp|Q9D358|PPAC_MOUSE",NA,NA,NA,NA,-17.1053211159,NA,2,1,1,2,2,1,NA,NA,NA
"sp|Q9D554|SF3A3_MOUSE",NA,NA,NA,NA,-18.7646947074,NA,1,1,1,1,1,1,NA,NA,NA
"sp|Q9D6J6|NDUV2_MOUSE",-17.5997329717,NA,-17.918572775,-17.498525075,NA,NA,2,2,2,2,2,2,NA,NA,NA
"sp|Q9D6R2|IDH3A_MOUSE",-18.1819910985,-18.1923366014,-17.9655957216,-18.0702553833,-17.2521020114,-17.462992813,6,5,5,4,5,4,0.193307210031348,0.741573033707865,-0.518191071266667
"sp|Q9D6Z1|NOP56_MOUSE",-19.1677930369,-18.148353752,-17.7753048507,-19.4736216544,NA,-18.1849367693,8,9,9,9,8,7,0.283540752351097,0.767241379310345,0.465461998649999
"sp|Q9D898|ARP5L_MOUSE",NA,-17.2850336703,NA,-17.1561442527,NA,-17.3013084594,1,1,NA,1,1,1,NA,NA,NA
"sp|Q9D8E6|RL4_MOUSE",-17.2410866359,-17.4156443878,NA,NA,-18.7259221644,-19.0557281435,8,7,7,6,7,6,0.00312539184952978,0.25,1.5624596421
"sp|Q9D8N0|EF1G_MOUSE",NA,NA,NA,-18.1699505843,-17.2442215014,-19.1500453825,6,5,5,6,5,6,NA,NA,NA
"sp|Q9D8U8|SNX5_MOUSE",-18.5059381147,NA,-18.1690879148,-18.2115978031,-18.4748725669,NA,1,1,2,3,2,5,0.926554858934169,0.933333333333333,0.00572217024999588
"sp|Q9D8Y0|EFHD2_MOUSE",-16.7181860086,NA,NA,NA,NA,NA,5,2,2,2,2,3,NA,NA,NA
"sp|Q9DB05|SNAA_MOUSE",-18.6335291237,-18.715556276,NA,-17.4183716502,-18.8469395935,NA,2,2,2,2,2,1,0.222252351097179,0.754901960784314,-0.541887078000002
"sp|Q9DB20|ATPO_MOUSE",-16.7491494736,-17.7213460104,-17.529737506,NA,NA,-17.5790346048,3,4,3,3,2,3,NA,NA,NA
"sp|Q9DB77|QCR2_MOUSE",-18.1081457432,-18.4577041678,NA,NA,-18.7521520235,-19.1286517887,6,6,3,2,3,4,0.114354231974922,0.709677419354839,0.6574769506
"sp|Q9DBC7|KAP0_MOUSE",-18.4266696758,-18.1074325288,-16.9232456331,-18.1746236301,-18.5960390639,-18.316925482,3,3,3,3,3,4,0.198567398119122,0.741573033707865,0.543413446100001
"sp|Q9DBG6|RPN2_MOUSE",-18.1451064403,NA,NA,NA,NA,-18.2229613823,4,3,3,4,4,4,NA,NA,NA
"sp|Q9DBH5|LMAN2_MOUSE",NA,NA,NA,NA,NA,-18.5959563674,2,2,3,3,3,5,NA,NA,NA
"sp|Q9DBJ1|PGAM1_MOUSE",-18.0693871406,NA,NA,-17.5595794527,NA,NA,3,3,2,6,4,6,NA,NA,NA
"sp|Q9DBP5|KCY_MOUSE",NA,-17.5930502398,-17.480038494,NA,NA,-17.2696674664,4,4,2,4,3,4,NA,NA,NA
"sp|Q9DBS1|TMM43_MOUSE",NA,NA,NA,NA,NA,-19.7583732795,1,1,2,1,1,3,NA,NA,NA
"sp|Q9DCD0|6PGD_MOUSE",-17.0371703037,-17.0088205883,-17.2200789629,-16.7828626517,-17.5024195214,-17.1440688565,5,6,3,5,3,6,0.833172413793103,0.929712460063898,0.0544270582333333
"sp|Q9DCN2|NB5R3_MOUSE",NA,-18.0566948508,NA,NA,NA,NA,3,3,3,4,3,4,NA,NA,NA
"sp|Q9DCS9|NDUBA_MOUSE",NA,-17.4362142639,NA,NA,NA,NA,NA,3,NA,2,1,2,NA,NA,NA
"sp|Q9DCW4|ETFB_MOUSE",-17.869786238,NA,-17.555544161,-17.9881238727,-17.9225792872,-17.8904279156,6,7,3,5,6,4,0.524489028213166,0.846153846153846,0.221045158999999
"sp|Q9DCX2|ATP5H_MOUSE",-17.495174358,-17.2671161355,-16.870490455,-17.1782715578,-16.9474407622,-17.4381264803,2,2,2,2,2,2,0.892181818181818,0.929712460063898,-0.022980716066666
"sp|Q9EQU5|SET_MOUSE",NA,NA,-17.4561486034,NA,-17.5583322872,-18.0881401579,5,4,3,2,3,3,NA,NA,NA
"sp|Q9ERK4|XPO2_MOUSE",NA,NA,-19.9528851839,NA,-19.864946257,NA,2,3,5,5,4,2,NA,NA,NA
"sp|Q9ERN0|SCAM2_MOUSE",NA,NA,NA,NA,NA,-18.2363399652,NA,NA,1,1,1,1,NA,NA,NA
"sp|Q9EST5|AN32B_MOUSE",-16.746070069,-16.509170107,-17.2758566939,-17.527349468,-16.4460593694,-17.6552604073,10,9,10,10,10,10,0.356937304075235,0.797385620915033,0.365857458266667
"sp|Q9ESX5|DKC1_MOUSE",-18.7807214649,NA,NA,-18.8540361087,NA,NA,2,2,2,2,2,3,NA,NA,NA
"sp|Q9ESY9|GILT_MOUSE",NA,-17.6802873461,NA,NA,NA,NA,1,1,1,NA,1,1,NA,NA,NA
"sp|Q9JHI5|IVD_MOUSE",-19.1448967187,NA,NA,NA,NA,NA,4,4,2,2,1,1,NA,NA,NA
"sp|Q9JHJ0|TMOD3_MOUSE",-17.336945692,-18.3893208986,-18.0480384094,-18.1311905444,-18.4141244126,-18.2902976278,6,5,4,5,4,4,0.356311912225705,0.797385620915033,0.353769194933335
"sp|Q9JIK5|DDX21_MOUSE",-18.847131619,-20.0567866805,-18.3609239011,-18.4221350974,-18.2042463737,-17.5560197219,11,9,6,10,11,14,0.0309028213166144,0.55,-1.02748033586667
"sp|Q9JIX8|ACINU_MOUSE",NA,NA,NA,-19.9532895505,-20.1111055888,NA,4,NA,1,2,2,NA,NA,NA,NA
"sp|Q9JJ28|FLII_MOUSE",-20.4350305502,NA,NA,NA,NA,-20.6597358697,1,1,NA,2,NA,2,NA,NA,NA
"sp|Q9JJI8|RL38_MOUSE",NA,NA,NA,NA,NA,-16.0605480534,NA,1,1,NA,1,4,NA,NA,NA
"sp|Q9JK81|MYG1_MOUSE",-17.4193327446,-18.7538936778,NA,NA,NA,NA,3,3,NA,1,1,2,NA,NA,NA
"sp|Q9JKF1|IQGA1_MOUSE",-20.7711310216,-21.0219668579,-20.5586381931,-20.5872425611,-19.5267446129,-19.8665229188,13,10,9,11,11,13,0.0695626959247649,0.583333333333333,-0.790408659933334
"sp|Q9JL26|FMNL1_MOUSE",NA,NA,NA,NA,NA,-19.8661185911,NA,2,2,1,2,4,NA,NA,NA
"sp|Q9JL95|PRG3_MOUSE",NA,NA,NA,NA,-18.1472605281,NA,1,1,NA,2,1,2,NA,NA,NA
"sp|Q9JLJ2|AL9A1_MOUSE",-18.7329666611,-18.8853802444,NA,NA,NA,NA,6,4,3,3,5,4,NA,NA,NA
"sp|Q9JM14|NT5C_MOUSE",NA,NA,NA,NA,NA,-18.0440051587,1,NA,NA,NA,NA,2,NA,NA,NA
"sp|Q9JM76|ARPC3_MOUSE",-16.5520794323,NA,-17.0470096725,NA,NA,-16.489335668,2,2,2,1,1,2,NA,NA,NA
"sp|Q9QUI0|RHOA_MOUSE",-17.7262534955,-17.5768448587,-17.1468587482,-16.4672758511,NA,-16.2267895349,6,5,5,6,6,8,0.0147789968652038,0.55,-1.13628634113334
"sp|Q9QUM9|PSA6_MOUSE",-16.7470115192,-18.0874688643,NA,-17.5704227237,-18.3977725083,-17.8693934354,5,4,3,7,7,3,0.218614420062696,0.754901960784314,0.528622697383334
"sp|Q9QY81|PO210_MOUSE",-18.7426677028,-20.9541706021,-19.4467704913,-19.0460860398,-19.1477389082,-19.9419570385,7,2,5,6,4,4,0.416413793103448,0.812903225806452,-0.335942269899999
"sp|Q9QYB5|ADDG_MOUSE",-19.56199814,NA,-19.1260510393,NA,NA,NA,3,1,3,1,1,3,NA,NA,NA
"sp|Q9QZD9|EIF3I_MOUSE",-18.5422648995,-18.4246345773,-18.1450842874,-18.120944284,-17.6614194597,-18.2974881178,4,3,2,4,3,5,0.355995297805643,0.797385620915033,-0.34404396756667
"sp|Q9QZQ8|H2AY_MOUSE",-16.0284738261,-16.0688889521,-15.357285227,-16.6413270863,-15.7570418636,-16.0033680859,10,13,11,11,11,11,0.40219592476489,0.797385620915033,0.315696343533332
"sp|Q9R0N0|GALK1_MOUSE",-18.5989680323,NA,NA,-18.3524105205,-19.0402856457,-17.6146043623,1,NA,NA,1,1,2,NA,NA,NA
"sp|Q9R0P3|ESTD_MOUSE",NA,NA,-17.7152209042,-17.784772605,-17.7401232832,-18.2293264506,3,2,2,2,2,2,NA,NA,NA
"sp|Q9R0P5|DEST_MOUSE",NA,-16.8707625563,-16.9919292474,NA,-17.166363311,-17.1832549469,1,1,1,1,1,2,0.477443573667712,0.827777777777778,0.243463227100001
"sp|Q9R0P6|SC11A_MOUSE",-17.3980697143,-17.3378112702,-17.1002215772,-17.1327440306,-17.0908173101,-16.5245138282,2,3,2,2,3,3,0.335807210031348,0.797385620915033,-0.362675797599998
"sp|Q9R0U0|SRS10_MOUSE",-16.5834187422,-17.4472448451,-17.4029903709,NA,NA,-17.6029475477,3,2,1,3,4,1,NA,NA,NA
"sp|Q9R190|MTA2_MOUSE",NA,NA,NA,-19.3066208437,NA,NA,3,3,2,3,2,4,NA,NA,NA
"sp|Q9R1P0|PSA4_MOUSE",-17.9578920039,-17.9219814753,NA,-17.822008205,-17.9532411637,-18.1143504463,5,4,3,5,3,3,0.889684952978056,0.929712460063898,0.023263198733332
"sp|Q9R1P4|PSA1_MOUSE",-16.4596688657,NA,NA,NA,NA,-16.6086266494,5,4,NA,4,1,6,NA,NA,NA
"sp|Q9R1T2|SAE1_MOUSE",NA,NA,-18.3886772606,NA,NA,NA,1,1,3,2,4,1,NA,NA,NA
"sp|Q9R233|TPSN_MOUSE",NA,-18.4658314124,-18.1853954648,-18.3529108599,-18.3353610811,-18.6362946783,1,3,3,4,3,4,0.712130094043887,0.926530612244898,0.115908767833332
"sp|Q9WTM5|RUVB2_MOUSE",NA,-17.785972372,-17.2302294625,-18.4066507754,NA,NA,3,4,3,4,3,4,NA,NA,NA
"sp|Q9WTP6|KAD2_MOUSE",NA,NA,NA,-17.6691502905,-17.8066421497,-18.1406805618,NA,NA,1,1,1,1,NA,NA,NA
"sp|Q9WTX5|SKP1_MOUSE",-16.9630234339,-16.8974098713,-16.4667673505,-16.844403347,-16.9379093806,-16.9443435367,1,1,1,1,1,1,0.678199059561129,0.926530612244898,0.133151869533332
"sp|Q9WU78|PDC6I_MOUSE",-20.1368894899,-20.0203529646,-18.4007627043,NA,-19.9350822654,NA,4,4,2,5,4,4,NA,NA,NA
"sp|Q9WUA2|SYFB_MOUSE",-18.9860129114,NA,NA,-19.018856231,NA,-18.2123535898,4,1,2,5,3,5,NA,NA,NA
"sp|Q9WUM3|COR1B_MOUSE",-18.1222587661,NA,-18.0449332021,-18.7776002265,-19.0907742581,NA,4,4,3,4,3,4,0.0440485893416928,0.56,0.850591258199998
"sp|Q9WUM4|COR1C_MOUSE",-19.2525379532,NA,NA,NA,NA,NA,5,5,4,5,4,5,NA,NA,NA
"sp|Q9WV32|ARC1B_MOUSE",-18.9771732375,-18.9571839123,-18.88812415,-17.473273635,-18.1872808367,-18.7353934576,6,6,6,6,6,6,0.0666724137931034,0.583333333333333,-0.808844456833331
"sp|Q9WVA2|TIM8A_MOUSE",-16.5157916339,NA,NA,-16.4295670027,NA,-16.5470297231,2,2,2,2,2,2,NA,NA,NA
"sp|Q9WVA3|BUB3_MOUSE",NA,NA,NA,NA,NA,-18.2592264643,2,1,1,2,1,2,NA,NA,NA
"sp|Q9WVA4|TAGL2_MOUSE",-16.3291797866,-15.4012423679,-16.3418010209,NA,-16.1690015976,-15.9974120233,8,8,5,6,5,8,0.829431034482759,0.929712460063898,0.0591324186500017
"sp|Q9Z0H4|CELF2_MOUSE",-19.0664836493,NA,-18.9463905115,NA,-18.9622495895,-19.0924930542,2,2,2,2,2,2,0.894637931034483,0.929712460063898,0.02093424145
"sp|Q9Z0I7|SLFN1_MOUSE",-18.7510638019,NA,NA,NA,NA,NA,3,2,NA,1,NA,NA,NA,NA,NA
"sp|Q9Z0M6|AGRE5_MOUSE",NA,NA,NA,NA,NA,-19.9576403848,2,NA,NA,1,NA,1,NA,NA,NA
"sp|Q9Z0N1|IF2G_MOUSE",-18.3756772993,NA,NA,NA,NA,NA,1,NA,NA,NA,NA,NA,NA,NA,NA
"sp|Q9Z126|PLF4_MOUSE",NA,-16.6660428492,NA,NA,NA,NA,2,2,1,2,2,2,NA,NA,NA
"sp|Q9Z1Q5|CLIC1_MOUSE",-17.685243123,-17.6218780776,NA,-17.4011307646,NA,-16.7243676145,7,5,4,6,5,7,0.154366771159875,0.73134328358209,-0.59081141075
"sp|Q9Z1Q9|SYVC_MOUSE",NA,NA,NA,NA,-18.3866210704,-20.5749585869,4,5,3,9,7,6,NA,NA,NA
"sp|Q9Z1Z0|USO1_MOUSE",NA,NA,NA,NA,NA,-20.0290124021,NA,1,NA,NA,1,2,NA,NA,NA
"sp|Q9Z204|HNRPC_MOUSE",-17.4073665421,-18.1370490955,-16.8715009043,-16.398698727,-17.8090821428,-17.6210273419,6,5,4,7,9,5,0.603830721003135,0.908256880733945,-0.195702776733334
"sp|Q9Z277|BAZ1B_MOUSE",NA,-20.7102516711,NA,NA,NA,NA,2,2,NA,2,NA,2,NA,NA,NA
"sp|Q9Z2D6|MECP2_MOUSE",NA,-19.0372218611,NA,NA,NA,-18.9089927914,2,5,2,3,1,2,NA,NA,NA
"sp|Q9Z2I9|SUCB1_MOUSE",NA,-18.9504614247,-17.3739137706,-17.5999306836,-17.62470429,-18.6771189099,2,4,4,4,3,4,0.619921630094044,0.908256880733945,-0.194936303150001
"sp|Q9Z2L7|CRLF3_MOUSE",-18.6816441572,-17.687594213,-18.5956805814,NA,-17.8226454039,-17.9930427529,3,4,3,4,3,3,0.297415360501567,0.781512605042017,-0.413795572133335
"sp|Q9Z2U1|PSA5_MOUSE",-16.7307622465,-17.9975308265,-17.3886376203,-17.319872658,NA,-18.1477212615,3,3,2,3,2,3,0.371836990595611,0.797385620915033,0.361486728650004
"sp|Q9Z2W0|DNPEP_MOUSE",NA,-18.9955439843,NA,-18.743452345,NA,NA,1,1,NA,1,NA,2,NA,NA,NA
